




























































































































-1.997566	
-1.980305	-1.991812	
-1.963043	-1.974551	-1.986058	-1.997566	
-1.945782	-1.957289	-1.968797	-1.980305	-1.991812	
-1.928520	-1.940028	-1.951536	-1.963043	-1.974551	-1.986058	-1.997566	
-1.911259	-1.922766	-1.934274	-1.945782	-1.957289	-1.968797	-1.980305	-1.991812	
-1.893997	-1.905505	-1.917013	-1.928520	-1.940028	-1.951536	-1.963043	-1.974551	-1.986058	-1.997566	
-1.876736	-1.888243	-1.899751	-1.911259	-1.922766	-1.934274	-1.945782	-1.957289	-1.968797	-1.980305	-1.991812	
-1.859474	-1.870982	-1.882490	-1.893997	-1.905505	-1.917013	-1.928520	-1.940028	-1.951536	-1.963043	-1.974551	-1.986058	-1.997566	
-1.842213	-1.853720	-1.865228	-1.876736	-1.888243	-1.899751	-1.911259	-1.922766	-1.934274	-1.945782	-1.957289	-1.968797	-1.980305	-1.991812	
-1.824951	-1.836459	-1.847967	-1.859474	-1.870982	-1.882490	-1.893997	-1.905505	-1.917013	-1.928520	-1.940028	-1.951536	-1.963043	-1.974551	-1.986058	-1.997566	
-1.807690	-1.819198	-1.830705	-1.842213	-1.853720	-1.865228	-1.876736	-1.888243	-1.899751	-1.911259	-1.922766	-1.934274	-1.945782	-1.957289	-1.968797	-1.980305	-1.991812	
-1.790428	-1.801936	-1.813444	-1.824951	-1.836459	-1.847967	-1.859474	-1.870982	-1.882490	-1.893997	-1.905505	-1.917013	-1.928520	-1.940028	-1.951536	-1.963043	-1.974551	-1.986058	-1.997566	
-1.773167	-1.784675	-1.796182	-1.807690	-1.819198	-1.830705	-1.842213	-1.853720	-1.865228	-1.876736	-1.888243	-1.899751	-1.911259	-1.922766	-1.934274	-1.945782	-1.957289	-1.968797	-1.980305	-1.991812	
-1.755905	-1.767413	-1.778921	-1.790428	-1.801936	-1.813444	-1.824951	-1.836459	-1.847967	-1.859474	-1.870982	-1.882490	-1.893997	-1.905505	-1.917013	-1.928520	-1.940028	-1.951536	-1.963043	-1.974551	-1.986058	-1.997566	
-1.738644	-1.750152	-1.761659	-1.773167	-1.784675	-1.796182	-1.807690	-1.819198	-1.830705	-1.842213	-1.853720	-1.865228	-1.876736	-1.888243	-1.899751	-1.911259	-1.922766	-1.934274	-1.945782	-1.957289	-1.968797	-1.980305	-1.991812	
-1.721382	-1.732890	-1.744398	-1.755905	-1.767413	-1.778921	-1.790428	-1.801936	-1.813444	-1.824951	-1.836459	-1.847967	-1.859474	-1.870982	-1.882490	-1.893997	-1.905505	-1.917013	-1.928520	-1.940028	-1.951536	-1.963043	-1.974551	-1.986058	-1.997566	
-1.704121	-1.715629	-1.727136	-1.738644	-1.750152	-1.761659	-1.773167	-1.784675	-1.796182	-1.807690	-1.819198	-1.830705	-1.842213	-1.853720	-1.865228	-1.876736	-1.888243	-1.899751	-1.911259	-1.922766	-1.934274	-1.945782	-1.957289	-1.968797	-1.980305	-1.991812	
-1.686860	-1.698367	-1.709875	-1.721382	-1.732890	-1.744398	-1.755905	-1.767413	-1.778921	-1.790428	-1.801936	-1.813444	-1.824951	-1.836459	-1.847967	-1.859474	-1.870982	-1.882490	-1.893997	-1.905505	-1.917013	-1.928520	-1.940028	-1.951536	-1.963043	-1.974551	-1.986058	-1.997566	
-1.669598	-1.681106	-1.692613	-1.704121	-1.715629	-1.727136	-1.738644	-1.750152	-1.761659	-1.773167	-1.784675	-1.796182	-1.807690	-1.819198	-1.830705	-1.842213	-1.853720	-1.865228	-1.876736	-1.888243	-1.899751	-1.911259	-1.922766	-1.934274	-1.945782	-1.957289	-1.968797	-1.980305	-1.991812	
-1.652337	-1.663844	-1.675352	-1.686860	-1.698367	-1.709875	-1.721382	-1.732890	-1.744398	-1.755905	-1.767413	-1.778921	-1.790428	-1.801936	-1.813444	-1.824951	-1.836459	-1.847967	-1.859474	-1.870982	-1.882490	-1.893997	-1.905505	-1.917013	-1.928520	-1.940028	-1.951536	-1.963043	-1.974551	-1.986058	-1.997566	
-1.635075	-1.646583	-1.658090	-1.669598	-1.681106	-1.692613	-1.704121	-1.715629	-1.727136	-1.738644	-1.750152	-1.761659	-1.773167	-1.784675	-1.796182	-1.807690	-1.819198	-1.830705	-1.842213	-1.853720	-1.865228	-1.876736	-1.888243	-1.899751	-1.911259	-1.922766	-1.934274	-1.945782	-1.957289	-1.968797	-1.980305	-1.991812	
-1.617814	-1.629321	-1.640829	-1.652337	-1.663844	-1.675352	-1.686860	-1.698367	-1.709875	-1.721382	-1.732890	-1.744398	-1.755905	-1.767413	-1.778921	-1.790428	-1.801936	-1.813444	-1.824951	-1.836459	-1.847967	-1.859474	-1.870982	-1.882490	-1.893997	-1.905505	-1.917013	-1.928520	-1.940028	-1.951536	-1.963043	-1.974551	-1.986058	-1.997566	
-1.600552	-1.612060	-1.623567	-1.635075	-1.646583	-1.658090	-1.669598	-1.681106	-1.692613	-1.704121	-1.715629	-1.727136	-1.738644	-1.750152	-1.761659	-1.773167	-1.784675	-1.796182	-1.807690	-1.819198	-1.830705	-1.842213	-1.853720	-1.865228	-1.876736	-1.888243	-1.899751	-1.911259	-1.922766	-1.934274	-1.945782	-1.957289	-1.968797	-1.980305	-1.991812	
-1.583291	-1.594798	-1.606306	-1.617814	-1.629321	-1.640829	-1.652337	-1.663844	-1.675352	-1.686860	-1.698367	-1.709875	-1.721382	-1.732890	-1.744398	-1.755905	-1.767413	-1.778921	-1.790428	-1.801936	-1.813444	-1.824951	-1.836459	-1.847967	-1.859474	-1.870982	-1.882490	-1.893997	-1.905505	-1.917013	-1.928520	-1.940028	-1.951536	-1.963043	-1.974551	-1.986058	-1.997566	
-1.566029	-1.577537	-1.589044	-1.600552	-1.612060	-1.623567	-1.635075	-1.646583	-1.658090	-1.669598	-1.681106	-1.692613	-1.704121	-1.715629	-1.727136	-1.738644	-1.750152	-1.761659	-1.773167	-1.784675	-1.796182	-1.807690	-1.819198	-1.830705	-1.842213	-1.853720	-1.865228	-1.876736	-1.888243	-1.899751	-1.911259	-1.922766	-1.934274	-1.945782	-1.957289	-1.968797	-1.980305	-1.991812	
-1.548768	-1.560275	-1.571783	-1.583291	-1.594798	-1.606306	-1.617814	-1.629321	-1.640829	-1.652337	-1.663844	-1.675352	-1.686860	-1.698367	-1.709875	-1.721382	-1.732890	-1.744398	-1.755905	-1.767413	-1.778921	-1.790428	-1.801936	-1.813444	-1.824951	-1.836459	-1.847967	-1.859474	-1.870982	-1.882490	-1.893997	-1.905505	-1.917013	-1.928520	-1.940028	-1.951536	-1.963043	-1.974551	-1.986058	-1.997566	
-1.531506	-1.543014	-1.554522	-1.566029	-1.577537	-1.589044	-1.600552	-1.612060	-1.623567	-1.635075	-1.646583	-1.658090	-1.669598	-1.681106	-1.692613	-1.704121	-1.715629	-1.727136	-1.738644	-1.750152	-1.761659	-1.773167	-1.784675	-1.796182	-1.807690	-1.819198	-1.830705	-1.842213	-1.853720	-1.865228	-1.876736	-1.888243	-1.899751	-1.911259	-1.922766	-1.934274	-1.945782	-1.957289	-1.968797	-1.980305	-1.991812	
-1.514245	-1.525752	-1.537260	-1.548768	-1.560275	-1.571783	-1.583291	-1.594798	-1.606306	-1.617814	-1.629321	-1.640829	-1.652337	-1.663844	-1.675352	-1.686860	-1.698367	-1.709875	-1.721382	-1.732890	-1.744398	-1.755905	-1.767413	-1.778921	-1.790428	-1.801936	-1.813444	-1.824951	-1.836459	-1.847967	-1.859474	-1.870982	-1.882490	-1.893997	-1.905505	-1.917013	-1.928520	-1.940028	-1.951536	-1.963043	-1.974551	-1.986058	-1.997566	
-1.496983	-1.508491	-1.519999	-1.531506	-1.543014	-1.554522	-1.566029	-1.577537	-1.589044	-1.600552	-1.612060	-1.623567	-1.635075	-1.646583	-1.658090	-1.669598	-1.681106	-1.692613	-1.704121	-1.715629	-1.727136	-1.738644	-1.750152	-1.761659	-1.773167	-1.784675	-1.796182	-1.807690	-1.819198	-1.830705	-1.842213	-1.853720	-1.865228	-1.876736	-1.888243	-1.899751	-1.911259	-1.922766	-1.934274	-1.945782	-1.957289	-1.968797	-1.980305	-1.991812	
-1.479722	-1.491229	-1.502737	-1.514245	-1.525752	-1.537260	-1.548768	-1.560275	-1.571783	-1.583291	-1.594798	-1.606306	-1.617814	-1.629321	-1.640829	-1.652337	-1.663844	-1.675352	-1.686860	-1.698367	-1.709875	-1.721382	-1.732890	-1.744398	-1.755905	-1.767413	-1.778921	-1.790428	-1.801936	-1.813444	-1.824951	-1.836459	-1.847967	-1.859474	-1.870982	-1.882490	-1.893997	-1.905505	-1.917013	-1.928520	-1.940028	-1.951536	-1.963043	-1.974551	-1.986058	-1.997566	
-1.462460	-1.473968	-1.485476	-1.496983	-1.508491	-1.519999	-1.531506	-1.543014	-1.554522	-1.566029	-1.577537	-1.589044	-1.600552	-1.612060	-1.623567	-1.635075	-1.646583	-1.658090	-1.669598	-1.681106	-1.692613	-1.704121	-1.715629	-1.727136	-1.738644	-1.750152	-1.761659	-1.773167	-1.784675	-1.796182	-1.807690	-1.819198	-1.830705	-1.842213	-1.853720	-1.865228	-1.876736	-1.888243	-1.899751	-1.911259	-1.922766	-1.934274	-1.945782	-1.957289	-1.968797	-1.980305	-1.991812	
-1.445199	-1.456706	-1.468214	-1.479722	-1.491229	-1.502737	-1.514245	-1.525752	-1.537260	-1.548768	-1.560275	-1.571783	-1.583291	-1.594798	-1.606306	-1.617814	-1.629321	-1.640829	-1.652337	-1.663844	-1.675352	-1.686860	-1.698367	-1.709875	-1.721382	-1.732890	-1.744398	-1.755905	-1.767413	-1.778921	-1.790428	-1.801936	-1.813444	-1.824951	-1.836459	-1.847967	-1.859474	-1.870982	-1.882490	-1.893997	-1.905505	-1.917013	-1.928520	-1.940028	-1.951536	-1.963043	-1.974551	-1.986058	-1.997566	
-1.427937	-1.439445	-1.450953	-1.462460	-1.473968	-1.485476	-1.496983	-1.508491	-1.519999	-1.531506	-1.543014	-1.554522	-1.566029	-1.577537	-1.589044	-1.600552	-1.612060	-1.623567	-1.635075	-1.646583	-1.658090	-1.669598	-1.681106	-1.692613	-1.704121	-1.715629	-1.727136	-1.738644	-1.750152	-1.761659	-1.773167	-1.784675	-1.796182	-1.807690	-1.819198	-1.830705	-1.842213	-1.853720	-1.865228	-1.876736	-1.888243	-1.899751	-1.911259	-1.922766	-1.934274	-1.945782	-1.957289	-1.968797	-1.980305	-1.991812	
-1.410676	-1.422184	-1.433691	-1.445199	-1.456706	-1.468214	-1.479722	-1.491229	-1.502737	-1.514245	-1.525752	-1.537260	-1.548768	-1.560275	-1.571783	-1.583291	-1.594798	-1.606306	-1.617814	-1.629321	-1.640829	-1.652337	-1.663844	-1.675352	-1.686860	-1.698367	-1.709875	-1.721382	-1.732890	-1.744398	-1.755905	-1.767413	-1.778921	-1.790428	-1.801936	-1.813444	-1.824951	-1.836459	-1.847967	-1.859474	-1.870982	-1.882490	-1.893997	-1.905505	-1.917013	-1.928520	-1.940028	-1.951536	-1.963043	-1.974551	-1.986058	-1.997566	
-1.393414	-1.404922	-1.416430	-1.427937	-1.439445	-1.450953	-1.462460	-1.473968	-1.485476	-1.496983	-1.508491	-1.519999	-1.531506	-1.543014	-1.554522	-1.566029	-1.577537	-1.589044	-1.600552	-1.612060	-1.623567	-1.635075	-1.646583	-1.658090	-1.669598	-1.681106	-1.692613	-1.704121	-1.715629	-1.727136	-1.738644	-1.750152	-1.761659	-1.773167	-1.784675	-1.796182	-1.807690	-1.819198	-1.830705	-1.842213	-1.853720	-1.865228	-1.876736	-1.888243	-1.899751	-1.911259	-1.922766	-1.934274	-1.945782	-1.957289	-1.968797	-1.980305	-1.991812	
-1.376153	-1.387661	-1.399168	-1.410676	-1.422184	-1.433691	-1.445199	-1.456706	-1.468214	-1.479722	-1.491229	-1.502737	-1.514245	-1.525752	-1.537260	-1.548768	-1.560275	-1.571783	-1.583291	-1.594798	-1.606306	-1.617814	-1.629321	-1.640829	-1.652337	-1.663844	-1.675352	-1.686860	-1.698367	-1.709875	-1.721382	-1.732890	-1.744398	-1.755905	-1.767413	-1.778921	-1.790428	-1.801936	-1.813444	-1.824951	-1.836459	-1.847967	-1.859474	-1.870982	-1.882490	-1.893997	-1.905505	-1.917013	-1.928520	-1.940028	-1.951536	-1.963043	-1.974551	-1.986058	-1.997566	
-1.358891	-1.370399	-1.381907	-1.393414	-1.404922	-1.416430	-1.427937	-1.439445	-1.450953	-1.462460	-1.473968	-1.485476	-1.496983	-1.508491	-1.519999	-1.531506	-1.543014	-1.554522	-1.566029	-1.577537	-1.589044	-1.600552	-1.612060	-1.623567	-1.635075	-1.646583	-1.658090	-1.669598	-1.681106	-1.692613	-1.704121	-1.715629	-1.727136	-1.738644	-1.750152	-1.761659	-1.773167	-1.784675	-1.796182	-1.807690	-1.819198	-1.830705	-1.842213	-1.853720	-1.865228	-1.876736	-1.888243	-1.899751	-1.911259	-1.922766	-1.934274	-1.945782	-1.957289	-1.968797	-1.980305	-1.991812	
-1.341630	-1.353138	-1.364645	-1.376153	-1.387661	-1.399168	-1.410676	-1.422184	-1.433691	-1.445199	-1.456706	-1.468214	-1.479722	-1.491229	-1.502737	-1.514245	-1.525752	-1.537260	-1.548768	-1.560275	-1.571783	-1.583291	-1.594798	-1.606306	-1.617814	-1.629321	-1.640829	-1.652337	-1.663844	-1.675352	-1.686860	-1.698367	-1.709875	-1.721382	-1.732890	-1.744398	-1.755905	-1.767413	-1.778921	-1.790428	-1.801936	-1.813444	-1.824951	-1.836459	-1.847967	-1.859474	-1.870982	-1.882490	-1.893997	-1.905505	-1.917013	-1.928520	-1.940028	-1.951536	-1.963043	-1.974551	-1.986058	-1.997566	
-1.324368	-1.335876	-1.347384	-1.358891	-1.370399	-1.381907	-1.393414	-1.404922	-1.416430	-1.427937	-1.439445	-1.450953	-1.462460	-1.473968	-1.485476	-1.496983	-1.508491	-1.519999	-1.531506	-1.543014	-1.554522	-1.566029	-1.577537	-1.589044	-1.600552	-1.612060	-1.623567	-1.635075	-1.646583	-1.658090	-1.669598	-1.681106	-1.692613	-1.704121	-1.715629	-1.727136	-1.738644	-1.750152	-1.761659	-1.773167	-1.784675	-1.796182	-1.807690	-1.819198	-1.830705	-1.842213	-1.853720	-1.865228	-1.876736	-1.888243	-1.899751	-1.911259	-1.922766	-1.934274	-1.945782	-1.957289	-1.968797	-1.980305	-1.991812	
-1.307107	-1.318615	-1.330122	-1.341630	-1.353138	-1.364645	-1.376153	-1.387661	-1.399168	-1.410676	-1.422184	-1.433691	-1.445199	-1.456706	-1.468214	-1.479722	-1.491229	-1.502737	-1.514245	-1.525752	-1.537260	-1.548768	-1.560275	-1.571783	-1.583291	-1.594798	-1.606306	-1.617814	-1.629321	-1.640829	-1.652337	-1.663844	-1.675352	-1.686860	-1.698367	-1.709875	-1.721382	-1.732890	-1.744398	-1.755905	-1.767413	-1.778921	-1.790428	-1.801936	-1.813444	-1.824951	-1.836459	-1.847967	-1.859474	-1.870982	-1.882490	-1.893997	-1.905505	-1.917013	-1.928520	-1.940028	-1.951536	-1.963043	-1.974551	-1.986058	-1.997566	
-1.289846	-1.301353	-1.312861	-1.324368	-1.335876	-1.347384	-1.358891	-1.370399	-1.381907	-1.393414	-1.404922	-1.416430	-1.427937	-1.439445	-1.450953	-1.462460	-1.473968	-1.485476	-1.496983	-1.508491	-1.519999	-1.531506	-1.543014	-1.554522	-1.566029	-1.577537	-1.589044	-1.600552	-1.612060	-1.623567	-1.635075	-1.646583	-1.658090	-1.669598	-1.681106	-1.692613	-1.704121	-1.715629	-1.727136	-1.738644	-1.750152	-1.761659	-1.773167	-1.784675	-1.796182	-1.807690	-1.819198	-1.830705	-1.842213	-1.853720	-1.865228	-1.876736	-1.888243	-1.899751	-1.911259	-1.922766	-1.934274	-1.945782	-1.957289	-1.968797	-1.980305	-1.991812	
-1.272584	-1.284092	-1.295599	-1.307107	-1.318615	-1.330122	-1.341630	-1.353138	-1.364645	-1.376153	-1.387661	-1.399168	-1.410676	-1.422184	-1.433691	-1.445199	-1.456706	-1.468214	-1.479722	-1.491229	-1.502737	-1.514245	-1.525752	-1.537260	-1.548768	-1.560275	-1.571783	-1.583291	-1.594798	-1.606306	-1.617814	-1.629321	-1.640829	-1.652337	-1.663844	-1.675352	-1.686860	-1.698367	-1.709875	-1.721382	-1.732890	-1.744398	-1.755905	-1.767413	-1.778921	-1.790428	-1.801936	-1.813444	-1.824951	-1.836459	-1.847967	-1.859474	-1.870982	-1.882490	-1.893997	-1.905505	-1.917013	-1.928520	-1.940028	-1.951536	-1.963043	-1.974551	-1.986058	-1.997566	
-1.255323	-1.266830	-1.278338	-1.289846	-1.301353	-1.312861	-1.324368	-1.335876	-1.347384	-1.358891	-1.370399	-1.381907	-1.393414	-1.404922	-1.416430	-1.427937	-1.439445	-1.450953	-1.462460	-1.473968	-1.485476	-1.496983	-1.508491	-1.519999	-1.531506	-1.543014	-1.554522	-1.566029	-1.577537	-1.589044	-1.600552	-1.612060	-1.623567	-1.635075	-1.646583	-1.658090	-1.669598	-1.681106	-1.692613	-1.704121	-1.715629	-1.727136	-1.738644	-1.750152	-1.761659	-1.773167	-1.784675	-1.796182	-1.807690	-1.819198	-1.830705	-1.842213	-1.853720	-1.865228	-1.876736	-1.888243	-1.899751	-1.911259	-1.922766	-1.934274	-1.945782	-1.957289	-1.968797	-1.980305	-1.991812	
-1.238061	-1.249569	-1.261076	-1.272584	-1.284092	-1.295599	-1.307107	-1.318615	-1.330122	-1.341630	-1.353138	-1.364645	-1.376153	-1.387661	-1.399168	-1.410676	-1.422184	-1.433691	-1.445199	-1.456706	-1.468214	-1.479722	-1.491229	-1.502737	-1.514245	-1.525752	-1.537260	-1.548768	-1.560275	-1.571783	-1.583291	-1.594798	-1.606306	-1.617814	-1.629321	-1.640829	-1.652337	-1.663844	-1.675352	-1.686860	-1.698367	-1.709875	-1.721382	-1.732890	-1.744398	-1.755905	-1.767413	-1.778921	-1.790428	-1.801936	-1.813444	-1.824951	-1.836459	-1.847967	-1.859474	-1.870982	-1.882490	-1.893997	-1.905505	-1.917013	-1.928520	-1.940028	-1.951536	-1.963043	-1.974551	-1.986058	-1.997566	
-1.220800	-1.232307	-1.243815	-1.255323	-1.266830	-1.278338	-1.289846	-1.301353	-1.312861	-1.324368	-1.335876	-1.347384	-1.358891	-1.370399	-1.381907	-1.393414	-1.404922	-1.416430	-1.427937	-1.439445	-1.450953	-1.462460	-1.473968	-1.485476	-1.496983	-1.508491	-1.519999	-1.531506	-1.543014	-1.554522	-1.566029	-1.577537	-1.589044	-1.600552	-1.612060	-1.623567	-1.635075	-1.646583	-1.658090	-1.669598	-1.681106	-1.692613	-1.704121	-1.715629	-1.727136	-1.738644	-1.750152	-1.761659	-1.773167	-1.784675	-1.796182	-1.807690	-1.819198	-1.830705	-1.842213	-1.853720	-1.865228	-1.876736	-1.888243	-1.899751	-1.911259	-1.922766	-1.934274	-1.945782	-1.957289	-1.968797	-1.980305	-1.991812	
-1.203538	-1.215046	-1.226553	-1.238061	-1.249569	-1.261076	-1.272584	-1.284092	-1.295599	-1.307107	-1.318615	-1.330122	-1.341630	-1.353138	-1.364645	-1.376153	-1.387661	-1.399168	-1.410676	-1.422184	-1.433691	-1.445199	-1.456706	-1.468214	-1.479722	-1.491229	-1.502737	-1.514245	-1.525752	-1.537260	-1.548768	-1.560275	-1.571783	-1.583291	-1.594798	-1.606306	-1.617814	-1.629321	-1.640829	-1.652337	-1.663844	-1.675352	-1.686860	-1.698367	-1.709875	-1.721382	-1.732890	-1.744398	-1.755905	-1.767413	-1.778921	-1.790428	-1.801936	-1.813444	-1.824951	-1.836459	-1.847967	-1.859474	-1.870982	-1.882490	-1.893997	-1.905505	-1.917013	-1.928520	-1.940028	-1.951536	-1.963043	-1.974551	-1.986058	-1.997566	
-1.186277	-1.197784	-1.209292	-1.220800	-1.232307	-1.243815	-1.255323	-1.266830	-1.278338	-1.289846	-1.301353	-1.312861	-1.324368	-1.335876	-1.347384	-1.358891	-1.370399	-1.381907	-1.393414	-1.404922	-1.416430	-1.427937	-1.439445	-1.450953	-1.462460	-1.473968	-1.485476	-1.496983	-1.508491	-1.519999	-1.531506	-1.543014	-1.554522	-1.566029	-1.577537	-1.589044	-1.600552	-1.612060	-1.623567	-1.635075	-1.646583	-1.658090	-1.669598	-1.681106	-1.692613	-1.704121	-1.715629	-1.727136	-1.738644	-1.750152	-1.761659	-1.773167	-1.784675	-1.796182	-1.807690	-1.819198	-1.830705	-1.842213	-1.853720	-1.865228	-1.876736	-1.888243	-1.899751	-1.911259	-1.922766	-1.934274	-1.945782	-1.957289	-1.968797	-1.980305	-1.991812	
-1.169015	-1.180523	-1.192030	-1.203538	-1.215046	-1.226553	-1.238061	-1.249569	-1.261076	-1.272584	-1.284092	-1.295599	-1.307107	-1.318615	-1.330122	-1.341630	-1.353138	-1.364645	-1.376153	-1.387661	-1.399168	-1.410676	-1.422184	-1.433691	-1.445199	-1.456706	-1.468214	-1.479722	-1.491229	-1.502737	-1.514245	-1.525752	-1.537260	-1.548768	-1.560275	-1.571783	-1.583291	-1.594798	-1.606306	-1.617814	-1.629321	-1.640829	-1.652337	-1.663844	-1.675352	-1.686860	-1.698367	-1.709875	-1.721382	-1.732890	-1.744398	-1.755905	-1.767413	-1.778921	-1.790428	-1.801936	-1.813444	-1.824951	-1.836459	-1.847967	-1.859474	-1.870982	-1.882490	-1.893997	-1.905505	-1.917013	-1.928520	-1.940028	-1.951536	-1.963043	-1.974551	-1.986058	-1.997566	
-1.151754	-1.163261	-1.174769	-1.186277	-1.197784	-1.209292	-1.220800	-1.232307	-1.243815	-1.255323	-1.266830	-1.278338	-1.289846	-1.301353	-1.312861	-1.324368	-1.335876	-1.347384	-1.358891	-1.370399	-1.381907	-1.393414	-1.404922	-1.416430	-1.427937	-1.439445	-1.450953	-1.462460	-1.473968	-1.485476	-1.496983	-1.508491	-1.519999	-1.531506	-1.543014	-1.554522	-1.566029	-1.577537	-1.589044	-1.600552	-1.612060	-1.623567	-1.635075	-1.646583	-1.658090	-1.669598	-1.681106	-1.692613	-1.704121	-1.715629	-1.727136	-1.738644	-1.750152	-1.761659	-1.773167	-1.784675	-1.796182	-1.807690	-1.819198	-1.830705	-1.842213	-1.853720	-1.865228	-1.876736	-1.888243	-1.899751	-1.911259	-1.922766	-1.934274	-1.945782	-1.957289	-1.968797	-1.980305	-1.991812	
-1.134492	-1.146000	-1.157508	-1.169015	-1.180523	-1.192030	-1.203538	-1.215046	-1.226553	-1.238061	-1.249569	-1.261076	-1.272584	-1.284092	-1.295599	-1.307107	-1.318615	-1.330122	-1.341630	-1.353138	-1.364645	-1.376153	-1.387661	-1.399168	-1.410676	-1.422184	-1.433691	-1.445199	-1.456706	-1.468214	-1.479722	-1.491229	-1.502737	-1.514245	-1.525752	-1.537260	-1.548768	-1.560275	-1.571783	-1.583291	-1.594798	-1.606306	-1.617814	-1.629321	-1.640829	-1.652337	-1.663844	-1.675352	-1.686860	-1.698367	-1.709875	-1.721382	-1.732890	-1.744398	-1.755905	-1.767413	-1.778921	-1.790428	-1.801936	-1.813444	-1.824951	-1.836459	-1.847967	-1.859474	-1.870982	-1.882490	-1.893997	-1.905505	-1.917013	-1.928520	-1.940028	-1.951536	-1.963043	-1.974551	-1.986058	-1.997566	
-1.117231	-1.128738	-1.140246	-1.151754	-1.163261	-1.174769	-1.186277	-1.197784	-1.209292	-1.220800	-1.232307	-1.243815	-1.255323	-1.266830	-1.278338	-1.289846	-1.301353	-1.312861	-1.324368	-1.335876	-1.347384	-1.358891	-1.370399	-1.381907	-1.393414	-1.404922	-1.416430	-1.427937	-1.439445	-1.450953	-1.462460	-1.473968	-1.485476	-1.496983	-1.508491	-1.519999	-1.531506	-1.543014	-1.554522	-1.566029	-1.577537	-1.589044	-1.600552	-1.612060	-1.623567	-1.635075	-1.646583	-1.658090	-1.669598	-1.681106	-1.692613	-1.704121	-1.715629	-1.727136	-1.738644	-1.750152	-1.761659	-1.773167	-1.784675	-1.796182	-1.807690	-1.819198	-1.830705	-1.842213	-1.853720	-1.865228	-1.876736	-1.888243	-1.899751	-1.911259	-1.922766	-1.934274	-1.945782	-1.957289	-1.968797	-1.980305	-1.991812	
-1.099969	-1.111477	-1.122985	-1.134492	-1.146000	-1.157508	-1.169015	-1.180523	-1.192030	-1.203538	-1.215046	-1.226553	-1.238061	-1.249569	-1.261076	-1.272584	-1.284092	-1.295599	-1.307107	-1.318615	-1.330122	-1.341630	-1.353138	-1.364645	-1.376153	-1.387661	-1.399168	-1.410676	-1.422184	-1.433691	-1.445199	-1.456706	-1.468214	-1.479722	-1.491229	-1.502737	-1.514245	-1.525752	-1.537260	-1.548768	-1.560275	-1.571783	-1.583291	-1.594798	-1.606306	-1.617814	-1.629321	-1.640829	-1.652337	-1.663844	-1.675352	-1.686860	-1.698367	-1.709875	-1.721382	-1.732890	-1.744398	-1.755905	-1.767413	-1.778921	-1.790428	-1.801936	-1.813444	-1.824951	-1.836459	-1.847967	-1.859474	-1.870982	-1.882490	-1.893997	-1.905505	-1.917013	-1.928520	-1.940028	-1.951536	-1.963043	-1.974551	-1.986058	-1.997566	
-1.082708	-1.094215	-1.105723	-1.117231	-1.128738	-1.140246	-1.151754	-1.163261	-1.174769	-1.186277	-1.197784	-1.209292	-1.220800	-1.232307	-1.243815	-1.255323	-1.266830	-1.278338	-1.289846	-1.301353	-1.312861	-1.324368	-1.335876	-1.347384	-1.358891	-1.370399	-1.381907	-1.393414	-1.404922	-1.416430	-1.427937	-1.439445	-1.450953	-1.462460	-1.473968	-1.485476	-1.496983	-1.508491	-1.519999	-1.531506	-1.543014	-1.554522	-1.566029	-1.577537	-1.589044	-1.600552	-1.612060	-1.623567	-1.635075	-1.646583	-1.658090	-1.669598	-1.681106	-1.692613	-1.704121	-1.715629	-1.727136	-1.738644	-1.750152	-1.761659	-1.773167	-1.784675	-1.796182	-1.807690	-1.819198	-1.830705	-1.842213	-1.853720	-1.865228	-1.876736	-1.888243	-1.899751	-1.911259	-1.922766	-1.934274	-1.945782	-1.957289	-1.968797	-1.980305	-1.991812	
-1.065446	-1.076954	-1.088462	-1.099969	-1.111477	-1.122985	-1.134492	-1.146000	-1.157508	-1.169015	-1.180523	-1.192030	-1.203538	-1.215046	-1.226553	-1.238061	-1.249569	-1.261076	-1.272584	-1.284092	-1.295599	-1.307107	-1.318615	-1.330122	-1.341630	-1.353138	-1.364645	-1.376153	-1.387661	-1.399168	-1.410676	-1.422184	-1.433691	-1.445199	-1.456706	-1.468214	-1.479722	-1.491229	-1.502737	-1.514245	-1.525752	-1.537260	-1.548768	-1.560275	-1.571783	-1.583291	-1.594798	-1.606306	-1.617814	-1.629321	-1.640829	-1.652337	-1.663844	-1.675352	-1.686860	-1.698367	-1.709875	-1.721382	-1.732890	-1.744398	-1.755905	-1.767413	-1.778921	-1.790428	-1.801936	-1.813444	-1.824951	-1.836459	-1.847967	-1.859474	-1.870982	-1.882490	-1.893997	-1.905505	-1.917013	-1.928520	-1.940028	-1.951536	-1.963043	-1.974551	-1.986058	-1.997566	
-1.048185	-1.059692	-1.071200	-1.082708	-1.094215	-1.105723	-1.117231	-1.128738	-1.140246	-1.151754	-1.163261	-1.174769	-1.186277	-1.197784	-1.209292	-1.220800	-1.232307	-1.243815	-1.255323	-1.266830	-1.278338	-1.289846	-1.301353	-1.312861	-1.324368	-1.335876	-1.347384	-1.358891	-1.370399	-1.381907	-1.393414	-1.404922	-1.416430	-1.427937	-1.439445	-1.450953	-1.462460	-1.473968	-1.485476	-1.496983	-1.508491	-1.519999	-1.531506	-1.543014	-1.554522	-1.566029	-1.577537	-1.589044	-1.600552	-1.612060	-1.623567	-1.635075	-1.646583	-1.658090	-1.669598	-1.681106	-1.692613	-1.704121	-1.715629	-1.727136	-1.738644	-1.750152	-1.761659	-1.773167	-1.784675	-1.796182	-1.807690	-1.819198	-1.830705	-1.842213	-1.853720	-1.865228	-1.876736	-1.888243	-1.899751	-1.911259	-1.922766	-1.934274	-1.945782	-1.957289	-1.968797	-1.980305	-1.991812	
-1.030923	-1.042431	-1.053939	-1.065446	-1.076954	-1.088462	-1.099969	-1.111477	-1.122985	-1.134492	-1.146000	-1.157508	-1.169015	-1.180523	-1.192030	-1.203538	-1.215046	-1.226553	-1.238061	-1.249569	-1.261076	-1.272584	-1.284092	-1.295599	-1.307107	-1.318615	-1.330122	-1.341630	-1.353138	-1.364645	-1.376153	-1.387661	-1.399168	-1.410676	-1.422184	-1.433691	-1.445199	-1.456706	-1.468214	-1.479722	-1.491229	-1.502737	-1.514245	-1.525752	-1.537260	-1.548768	-1.560275	-1.571783	-1.583291	-1.594798	-1.606306	-1.617814	-1.629321	-1.640829	-1.652337	-1.663844	-1.675352	-1.686860	-1.698367	-1.709875	-1.721382	-1.732890	-1.744398	-1.755905	-1.767413	-1.778921	-1.790428	-1.801936	-1.813444	-1.824951	-1.836459	-1.847967	-1.859474	-1.870982	-1.882490	-1.893997	-1.905505	-1.917013	-1.928520	-1.940028	-1.951536	-1.963043	-1.974551	-1.986058	-1.997566	
-1.013662	-1.025170	-1.036677	-1.048185	-1.059692	-1.071200	-1.082708	-1.094215	-1.105723	-1.117231	-1.128738	-1.140246	-1.151754	-1.163261	-1.174769	-1.186277	-1.197784	-1.209292	-1.220800	-1.232307	-1.243815	-1.255323	-1.266830	-1.278338	-1.289846	-1.301353	-1.312861	-1.324368	-1.335876	-1.347384	-1.358891	-1.370399	-1.381907	-1.393414	-1.404922	-1.416430	-1.427937	-1.439445	-1.450953	-1.462460	-1.473968	-1.485476	-1.496983	-1.508491	-1.519999	-1.531506	-1.543014	-1.554522	-1.566029	-1.577537	-1.589044	-1.600552	-1.612060	-1.623567	-1.635075	-1.646583	-1.658090	-1.669598	-1.681106	-1.692613	-1.704121	-1.715629	-1.727136	-1.738644	-1.750152	-1.761659	-1.773167	-1.784675	-1.796182	-1.807690	-1.819198	-1.830705	-1.842213	-1.853720	-1.865228	-1.876736	-1.888243	-1.899751	-1.911259	-1.922766	-1.934274	-1.945782	-1.957289	-1.968797	-1.980305	-1.991812	
-0.996400	-1.007908	-1.019416	-1.030923	-1.042431	-1.053939	-1.065446	-1.076954	-1.088462	-1.099969	-1.111477	-1.122985	-1.134492	-1.146000	-1.157508	-1.169015	-1.180523	-1.192030	-1.203538	-1.215046	-1.226553	-1.238061	-1.249569	-1.261076	-1.272584	-1.284092	-1.295599	-1.307107	-1.318615	-1.330122	-1.341630	-1.353138	-1.364645	-1.376153	-1.387661	-1.399168	-1.410676	-1.422184	-1.433691	-1.445199	-1.456706	-1.468214	-1.479722	-1.491229	-1.502737	-1.514245	-1.525752	-1.537260	-1.548768	-1.560275	-1.571783	-1.583291	-1.594798	-1.606306	-1.617814	-1.629321	-1.640829	-1.652337	-1.663844	-1.675352	-1.686860	-1.698367	-1.709875	-1.721382	-1.732890	-1.744398	-1.755905	-1.767413	-1.778921	-1.790428	-1.801936	-1.813444	-1.824951	-1.836459	-1.847967	-1.859474	-1.870982	-1.882490	-1.893997	-1.905505	-1.917013	-1.928520	-1.940028	-1.951536	-1.963043	-1.974551	-1.986058	-1.997566	
-0.979139	-0.990647	-1.002154	-1.013662	-1.025170	-1.036677	-1.048185	-1.059692	-1.071200	-1.082708	-1.094215	-1.105723	-1.117231	-1.128738	-1.140246	-1.151754	-1.163261	-1.174769	-1.186277	-1.197784	-1.209292	-1.220800	-1.232307	-1.243815	-1.255323	-1.266830	-1.278338	-1.289846	-1.301353	-1.312861	-1.324368	-1.335876	-1.347384	-1.358891	-1.370399	-1.381907	-1.393414	-1.404922	-1.416430	-1.427937	-1.439445	-1.450953	-1.462460	-1.473968	-1.485476	-1.496983	-1.508491	-1.519999	-1.531506	-1.543014	-1.554522	-1.566029	-1.577537	-1.589044	-1.600552	-1.612060	-1.623567	-1.635075	-1.646583	-1.658090	-1.669598	-1.681106	-1.692613	-1.704121	-1.715629	-1.727136	-1.738644	-1.750152	-1.761659	-1.773167	-1.784675	-1.796182	-1.807690	-1.819198	-1.830705	-1.842213	-1.853720	-1.865228	-1.876736	-1.888243	-1.899751	-1.911259	-1.922766	-1.934274	-1.945782	-1.957289	-1.968797	-1.980305	-1.991812	
-0.961877	-0.973385	-0.984893	-0.996400	-1.007908	-1.019416	-1.030923	-1.042431	-1.053939	-1.065446	-1.076954	-1.088462	-1.099969	-1.111477	-1.122985	-1.134492	-1.146000	-1.157508	-1.169015	-1.180523	-1.192030	-1.203538	-1.215046	-1.226553	-1.238061	-1.249569	-1.261076	-1.272584	-1.284092	-1.295599	-1.307107	-1.318615	-1.330122	-1.341630	-1.353138	-1.364645	-1.376153	-1.387661	-1.399168	-1.410676	-1.422184	-1.433691	-1.445199	-1.456706	-1.468214	-1.479722	-1.491229	-1.502737	-1.514245	-1.525752	-1.537260	-1.548768	-1.560275	-1.571783	-1.583291	-1.594798	-1.606306	-1.617814	-1.629321	-1.640829	-1.652337	-1.663844	-1.675352	-1.686860	-1.698367	-1.709875	-1.721382	-1.732890	-1.744398	-1.755905	-1.767413	-1.778921	-1.790428	-1.801936	-1.813444	-1.824951	-1.836459	-1.847967	-1.859474	-1.870982	-1.882490	-1.893997	-1.905505	-1.917013	-1.928520	-1.940028	-1.951536	-1.963043	-1.974551	-1.986058	-1.997566	
-0.944616	-0.956124	-0.967631	-0.979139	-0.990647	-1.002154	-1.013662	-1.025170	-1.036677	-1.048185	-1.059692	-1.071200	-1.082708	-1.094215	-1.105723	-1.117231	-1.128738	-1.140246	-1.151754	-1.163261	-1.174769	-1.186277	-1.197784	-1.209292	-1.220800	-1.232307	-1.243815	-1.255323	-1.266830	-1.278338	-1.289846	-1.301353	-1.312861	-1.324368	-1.335876	-1.347384	-1.358891	-1.370399	-1.381907	-1.393414	-1.404922	-1.416430	-1.427937	-1.439445	-1.450953	-1.462460	-1.473968	-1.485476	-1.496983	-1.508491	-1.519999	-1.531506	-1.543014	-1.554522	-1.566029	-1.577537	-1.589044	-1.600552	-1.612060	-1.623567	-1.635075	-1.646583	-1.658090	-1.669598	-1.681106	-1.692613	-1.704121	-1.715629	-1.727136	-1.738644	-1.750152	-1.761659	-1.773167	-1.784675	-1.796182	-1.807690	-1.819198	-1.830705	-1.842213	-1.853720	-1.865228	-1.876736	-1.888243	-1.899751	-1.911259	-1.922766	-1.934274	-1.945782	-1.957289	-1.968797	-1.980305	-1.991812	
-0.927355	-0.938862	-0.950370	-0.961877	-0.973385	-0.984893	-0.996400	-1.007908	-1.019416	-1.030923	-1.042431	-1.053939	-1.065446	-1.076954	-1.088462	-1.099969	-1.111477	-1.122985	-1.134492	-1.146000	-1.157508	-1.169015	-1.180523	-1.192030	-1.203538	-1.215046	-1.226553	-1.238061	-1.249569	-1.261076	-1.272584	-1.284092	-1.295599	-1.307107	-1.318615	-1.330122	-1.341630	-1.353138	-1.364645	-1.376153	-1.387661	-1.399168	-1.410676	-1.422184	-1.433691	-1.445199	-1.456706	-1.468214	-1.479722	-1.491229	-1.502737	-1.514245	-1.525752	-1.537260	-1.548768	-1.560275	-1.571783	-1.583291	-1.594798	-1.606306	-1.617814	-1.629321	-1.640829	-1.652337	-1.663844	-1.675352	-1.686860	-1.698367	-1.709875	-1.721382	-1.732890	-1.744398	-1.755905	-1.767413	-1.778921	-1.790428	-1.801936	-1.813444	-1.824951	-1.836459	-1.847967	-1.859474	-1.870982	-1.882490	-1.893997	-1.905505	-1.917013	-1.928520	-1.940028	-1.951536	-1.963043	-1.974551	-1.986058	-1.997566	
-0.910093	-0.921601	-0.933108	-0.944616	-0.956124	-0.967631	-0.979139	-0.990647	-1.002154	-1.013662	-1.025170	-1.036677	-1.048185	-1.059692	-1.071200	-1.082708	-1.094215	-1.105723	-1.117231	-1.128738	-1.140246	-1.151754	-1.163261	-1.174769	-1.186277	-1.197784	-1.209292	-1.220800	-1.232307	-1.243815	-1.255323	-1.266830	-1.278338	-1.289846	-1.301353	-1.312861	-1.324368	-1.335876	-1.347384	-1.358891	-1.370399	-1.381907	-1.393414	-1.404922	-1.416430	-1.427937	-1.439445	-1.450953	-1.462460	-1.473968	-1.485476	-1.496983	-1.508491	-1.519999	-1.531506	-1.543014	-1.554522	-1.566029	-1.577537	-1.589044	-1.600552	-1.612060	-1.623567	-1.635075	-1.646583	-1.658090	-1.669598	-1.681106	-1.692613	-1.704121	-1.715629	-1.727136	-1.738644	-1.750152	-1.761659	-1.773167	-1.784675	-1.796182	-1.807690	-1.819198	-1.830705	-1.842213	-1.853720	-1.865228	-1.876736	-1.888243	-1.899751	-1.911259	-1.922766	-1.934274	-1.945782	-1.957289	-1.968797	-1.980305	-1.991812	
-0.892832	-0.904339	-0.915847	-0.927355	-0.938862	-0.950370	-0.961877	-0.973385	-0.984893	-0.996400	-1.007908	-1.019416	-1.030923	-1.042431	-1.053939	-1.065446	-1.076954	-1.088462	-1.099969	-1.111477	-1.122985	-1.134492	-1.146000	-1.157508	-1.169015	-1.180523	-1.192030	-1.203538	-1.215046	-1.226553	-1.238061	-1.249569	-1.261076	-1.272584	-1.284092	-1.295599	-1.307107	-1.318615	-1.330122	-1.341630	-1.353138	-1.364645	-1.376153	-1.387661	-1.399168	-1.410676	-1.422184	-1.433691	-1.445199	-1.456706	-1.468214	-1.479722	-1.491229	-1.502737	-1.514245	-1.525752	-1.537260	-1.548768	-1.560275	-1.571783	-1.583291	-1.594798	-1.606306	-1.617814	-1.629321	-1.640829	-1.652337	-1.663844	-1.675352	-1.686860	-1.698367	-1.709875	-1.721382	-1.732890	-1.744398	-1.755905	-1.767413	-1.778921	-1.790428	-1.801936	-1.813444	-1.824951	-1.836459	-1.847967	-1.859474	-1.870982	-1.882490	-1.893997	-1.905505	-1.917013	-1.928520	-1.940028	-1.951536	-1.963043	-1.974551	-1.986058	-1.997566	
-0.875570	-0.887078	-0.898585	-0.910093	-0.921601	-0.933108	-0.944616	-0.956124	-0.967631	-0.979139	-0.990647	-1.002154	-1.013662	-1.025170	-1.036677	-1.048185	-1.059692	-1.071200	-1.082708	-1.094215	-1.105723	-1.117231	-1.128738	-1.140246	-1.151754	-1.163261	-1.174769	-1.186277	-1.197784	-1.209292	-1.220800	-1.232307	-1.243815	-1.255323	-1.266830	-1.278338	-1.289846	-1.301353	-1.312861	-1.324368	-1.335876	-1.347384	-1.358891	-1.370399	-1.381907	-1.393414	-1.404922	-1.416430	-1.427937	-1.439445	-1.450953	-1.462460	-1.473968	-1.485476	-1.496983	-1.508491	-1.519999	-1.531506	-1.543014	-1.554522	-1.566029	-1.577537	-1.589044	-1.600552	-1.612060	-1.623567	-1.635075	-1.646583	-1.658090	-1.669598	-1.681106	-1.692613	-1.704121	-1.715629	-1.727136	-1.738644	-1.750152	-1.761659	-1.773167	-1.784675	-1.796182	-1.807690	-1.819198	-1.830705	-1.842213	-1.853720	-1.865228	-1.876736	-1.888243	-1.899751	-1.911259	-1.922766	-1.934274	-1.945782	-1.957289	-1.968797	-1.980305	-1.991812	
-0.858309	-0.869816	-0.881324	-0.892832	-0.904339	-0.915847	-0.927355	-0.938862	-0.950370	-0.961877	-0.973385	-0.984893	-0.996400	-1.007908	-1.019416	-1.030923	-1.042431	-1.053939	-1.065446	-1.076954	-1.088462	-1.099969	-1.111477	-1.122985	-1.134492	-1.146000	-1.157508	-1.169015	-1.180523	-1.192030	-1.203538	-1.215046	-1.226553	-1.238061	-1.249569	-1.261076	-1.272584	-1.284092	-1.295599	-1.307107	-1.318615	-1.330122	-1.341630	-1.353138	-1.364645	-1.376153	-1.387661	-1.399168	-1.410676	-1.422184	-1.433691	-1.445199	-1.456706	-1.468214	-1.479722	-1.491229	-1.502737	-1.514245	-1.525752	-1.537260	-1.548768	-1.560275	-1.571783	-1.583291	-1.594798	-1.606306	-1.617814	-1.629321	-1.640829	-1.652337	-1.663844	-1.675352	-1.686860	-1.698367	-1.709875	-1.721382	-1.732890	-1.744398	-1.755905	-1.767413	-1.778921	-1.790428	-1.801936	-1.813444	-1.824951	-1.836459	-1.847967	-1.859474	-1.870982	-1.882490	-1.893997	-1.905505	-1.917013	-1.928520	-1.940028	-1.951536	-1.963043	-1.974551	-1.986058	-1.997566	
-0.841047	-0.852555	-0.864062	-0.875570	-0.887078	-0.898585	-0.910093	-0.921601	-0.933108	-0.944616	-0.956124	-0.967631	-0.979139	-0.990647	-1.002154	-1.013662	-1.025170	-1.036677	-1.048185	-1.059692	-1.071200	-1.082708	-1.094215	-1.105723	-1.117231	-1.128738	-1.140246	-1.151754	-1.163261	-1.174769	-1.186277	-1.197784	-1.209292	-1.220800	-1.232307	-1.243815	-1.255323	-1.266830	-1.278338	-1.289846	-1.301353	-1.312861	-1.324368	-1.335876	-1.347384	-1.358891	-1.370399	-1.381907	-1.393414	-1.404922	-1.416430	-1.427937	-1.439445	-1.450953	-1.462460	-1.473968	-1.485476	-1.496983	-1.508491	-1.519999	-1.531506	-1.543014	-1.554522	-1.566029	-1.577537	-1.589044	-1.600552	-1.612060	-1.623567	-1.635075	-1.646583	-1.658090	-1.669598	-1.681106	-1.692613	-1.704121	-1.715629	-1.727136	-1.738644	-1.750152	-1.761659	-1.773167	-1.784675	-1.796182	-1.807690	-1.819198	-1.830705	-1.842213	-1.853720	-1.865228	-1.876736	-1.888243	-1.899751	-1.911259	-1.922766	-1.934274	-1.945782	-1.957289	-1.968797	-1.980305	-1.991812	
-0.823786	-0.835293	-0.846801	-0.858309	-0.869816	-0.881324	-0.892832	-0.904339	-0.915847	-0.927355	-0.938862	-0.950370	-0.961877	-0.973385	-0.984893	-0.996400	-1.007908	-1.019416	-1.030923	-1.042431	-1.053939	-1.065446	-1.076954	-1.088462	-1.099969	-1.111477	-1.122985	-1.134492	-1.146000	-1.157508	-1.169015	-1.180523	-1.192030	-1.203538	-1.215046	-1.226553	-1.238061	-1.249569	-1.261076	-1.272584	-1.284092	-1.295599	-1.307107	-1.318615	-1.330122	-1.341630	-1.353138	-1.364645	-1.376153	-1.387661	-1.399168	-1.410676	-1.422184	-1.433691	-1.445199	-1.456706	-1.468214	-1.479722	-1.491229	-1.502737	-1.514245	-1.525752	-1.537260	-1.548768	-1.560275	-1.571783	-1.583291	-1.594798	-1.606306	-1.617814	-1.629321	-1.640829	-1.652337	-1.663844	-1.675352	-1.686860	-1.698367	-1.709875	-1.721382	-1.732890	-1.744398	-1.755905	-1.767413	-1.778921	-1.790428	-1.801936	-1.813444	-1.824951	-1.836459	-1.847967	-1.859474	-1.870982	-1.882490	-1.893997	-1.905505	-1.917013	-1.928520	-1.940028	-1.951536	-1.963043	-1.974551	-1.986058	-1.997566	
-0.806524	-0.818032	-0.829539	-0.841047	-0.852555	-0.864062	-0.875570	-0.887078	-0.898585	-0.910093	-0.921601	-0.933108	-0.944616	-0.956124	-0.967631	-0.979139	-0.990647	-1.002154	-1.013662	-1.025170	-1.036677	-1.048185	-1.059692	-1.071200	-1.082708	-1.094215	-1.105723	-1.117231	-1.128738	-1.140246	-1.151754	-1.163261	-1.174769	-1.186277	-1.197784	-1.209292	-1.220800	-1.232307	-1.243815	-1.255323	-1.266830	-1.278338	-1.289846	-1.301353	-1.312861	-1.324368	-1.335876	-1.347384	-1.358891	-1.370399	-1.381907	-1.393414	-1.404922	-1.416430	-1.427937	-1.439445	-1.450953	-1.462460	-1.473968	-1.485476	-1.496983	-1.508491	-1.519999	-1.531506	-1.543014	-1.554522	-1.566029	-1.577537	-1.589044	-1.600552	-1.612060	-1.623567	-1.635075	-1.646583	-1.658090	-1.669598	-1.681106	-1.692613	-1.704121	-1.715629	-1.727136	-1.738644	-1.750152	-1.761659	-1.773167	-1.784675	-1.796182	-1.807690	-1.819198	-1.830705	-1.842213	-1.853720	-1.865228	-1.876736	-1.888243	-1.899751	-1.911259	-1.922766	-1.934274	-1.945782	-1.957289	-1.968797	-1.980305	-1.991812	
-0.789263	-0.800770	-0.812278	-0.823786	-0.835293	-0.846801	-0.858309	-0.869816	-0.881324	-0.892832	-0.904339	-0.915847	-0.927355	-0.938862	-0.950370	-0.961877	-0.973385	-0.984893	-0.996400	-1.007908	-1.019416	-1.030923	-1.042431	-1.053939	-1.065446	-1.076954	-1.088462	-1.099969	-1.111477	-1.122985	-1.134492	-1.146000	-1.157508	-1.169015	-1.180523	-1.192030	-1.203538	-1.215046	-1.226553	-1.238061	-1.249569	-1.261076	-1.272584	-1.284092	-1.295599	-1.307107	-1.318615	-1.330122	-1.341630	-1.353138	-1.364645	-1.376153	-1.387661	-1.399168	-1.410676	-1.422184	-1.433691	-1.445199	-1.456706	-1.468214	-1.479722	-1.491229	-1.502737	-1.514245	-1.525752	-1.537260	-1.548768	-1.560275	-1.571783	-1.583291	-1.594798	-1.606306	-1.617814	-1.629321	-1.640829	-1.652337	-1.663844	-1.675352	-1.686860	-1.698367	-1.709875	-1.721382	-1.732890	-1.744398	-1.755905	-1.767413	-1.778921	-1.790428	-1.801936	-1.813444	-1.824951	-1.836459	-1.847967	-1.859474	-1.870982	-1.882490	-1.893997	-1.905505	-1.917013	-1.928520	-1.940028	-1.951536	-1.963043	-1.974551	-1.986058	-1.997566	
-0.772001	-0.783509	-0.795017	-0.806524	-0.818032	-0.829539	-0.841047	-0.852555	-0.864062	-0.875570	-0.887078	-0.898585	-0.910093	-0.921601	-0.933108	-0.944616	-0.956124	-0.967631	-0.979139	-0.990647	-1.002154	-1.013662	-1.025170	-1.036677	-1.048185	-1.059692	-1.071200	-1.082708	-1.094215	-1.105723	-1.117231	-1.128738	-1.140246	-1.151754	-1.163261	-1.174769	-1.186277	-1.197784	-1.209292	-1.220800	-1.232307	-1.243815	-1.255323	-1.266830	-1.278338	-1.289846	-1.301353	-1.312861	-1.324368	-1.335876	-1.347384	-1.358891	-1.370399	-1.381907	-1.393414	-1.404922	-1.416430	-1.427937	-1.439445	-1.450953	-1.462460	-1.473968	-1.485476	-1.496983	-1.508491	-1.519999	-1.531506	-1.543014	-1.554522	-1.566029	-1.577537	-1.589044	-1.600552	-1.612060	-1.623567	-1.635075	-1.646583	-1.658090	-1.669598	-1.681106	-1.692613	-1.704121	-1.715629	-1.727136	-1.738644	-1.750152	-1.761659	-1.773167	-1.784675	-1.796182	-1.807690	-1.819198	-1.830705	-1.842213	-1.853720	-1.865228	-1.876736	-1.888243	-1.899751	-1.911259	-1.922766	-1.934274	-1.945782	-1.957289	-1.968797	-1.980305	-1.991812	
-0.754740	-0.766247	-0.777755	-0.789263	-0.800770	-0.812278	-0.823786	-0.835293	-0.846801	-0.858309	-0.869816	-0.881324	-0.892832	-0.904339	-0.915847	-0.927355	-0.938862	-0.950370	-0.961877	-0.973385	-0.984893	-0.996400	-1.007908	-1.019416	-1.030923	-1.042431	-1.053939	-1.065446	-1.076954	-1.088462	-1.099969	-1.111477	-1.122985	-1.134492	-1.146000	-1.157508	-1.169015	-1.180523	-1.192030	-1.203538	-1.215046	-1.226553	-1.238061	-1.249569	-1.261076	-1.272584	-1.284092	-1.295599	-1.307107	-1.318615	-1.330122	-1.341630	-1.353138	-1.364645	-1.376153	-1.387661	-1.399168	-1.410676	-1.422184	-1.433691	-1.445199	-1.456706	-1.468214	-1.479722	-1.491229	-1.502737	-1.514245	-1.525752	-1.537260	-1.548768	-1.560275	-1.571783	-1.583291	-1.594798	-1.606306	-1.617814	-1.629321	-1.640829	-1.652337	-1.663844	-1.675352	-1.686860	-1.698367	-1.709875	-1.721382	-1.732890	-1.744398	-1.755905	-1.767413	-1.778921	-1.790428	-1.801936	-1.813444	-1.824951	-1.836459	-1.847967	-1.859474	-1.870982	-1.882490	-1.893997	-1.905505	-1.917013	-1.928520	-1.940028	-1.951536	-1.963043	-1.974551	-1.986058	-1.997566	
-0.737478	-0.748986	-0.760494	-0.772001	-0.783509	-0.795017	-0.806524	-0.818032	-0.829539	-0.841047	-0.852555	-0.864062	-0.875570	-0.887078	-0.898585	-0.910093	-0.921601	-0.933108	-0.944616	-0.956124	-0.967631	-0.979139	-0.990647	-1.002154	-1.013662	-1.025170	-1.036677	-1.048185	-1.059692	-1.071200	-1.082708	-1.094215	-1.105723	-1.117231	-1.128738	-1.140246	-1.151754	-1.163261	-1.174769	-1.186277	-1.197784	-1.209292	-1.220800	-1.232307	-1.243815	-1.255323	-1.266830	-1.278338	-1.289846	-1.301353	-1.312861	-1.324368	-1.335876	-1.347384	-1.358891	-1.370399	-1.381907	-1.393414	-1.404922	-1.416430	-1.427937	-1.439445	-1.450953	-1.462460	-1.473968	-1.485476	-1.496983	-1.508491	-1.519999	-1.531506	-1.543014	-1.554522	-1.566029	-1.577537	-1.589044	-1.600552	-1.612060	-1.623567	-1.635075	-1.646583	-1.658090	-1.669598	-1.681106	-1.692613	-1.704121	-1.715629	-1.727136	-1.738644	-1.750152	-1.761659	-1.773167	-1.784675	-1.796182	-1.807690	-1.819198	-1.830705	-1.842213	-1.853720	-1.865228	-1.876736	-1.888243	-1.899751	-1.911259	-1.922766	-1.934274	-1.945782	-1.957289	-1.968797	-1.980305	-1.991812	
-0.720217	-0.731724	-0.743232	-0.754740	-0.766247	-0.777755	-0.789263	-0.800770	-0.812278	-0.823786	-0.835293	-0.846801	-0.858309	-0.869816	-0.881324	-0.892832	-0.904339	-0.915847	-0.927355	-0.938862	-0.950370	-0.961877	-0.973385	-0.984893	-0.996400	-1.007908	-1.019416	-1.030923	-1.042431	-1.053939	-1.065446	-1.076954	-1.088462	-1.099969	-1.111477	-1.122985	-1.134492	-1.146000	-1.157508	-1.169015	-1.180523	-1.192030	-1.203538	-1.215046	-1.226553	-1.238061	-1.249569	-1.261076	-1.272584	-1.284092	-1.295599	-1.307107	-1.318615	-1.330122	-1.341630	-1.353138	-1.364645	-1.376153	-1.387661	-1.399168	-1.410676	-1.422184	-1.433691	-1.445199	-1.456706	-1.468214	-1.479722	-1.491229	-1.502737	-1.514245	-1.525752	-1.537260	-1.548768	-1.560275	-1.571783	-1.583291	-1.594798	-1.606306	-1.617814	-1.629321	-1.640829	-1.652337	-1.663844	-1.675352	-1.686860	-1.698367	-1.709875	-1.721382	-1.732890	-1.744398	-1.755905	-1.767413	-1.778921	-1.790428	-1.801936	-1.813444	-1.824951	-1.836459	-1.847967	-1.859474	-1.870982	-1.882490	-1.893997	-1.905505	-1.917013	-1.928520	-1.940028	-1.951536	-1.963043	-1.974551	-1.986058	-1.997566	
-0.702955	-0.714463	-0.725971	-0.737478	-0.748986	-0.760494	-0.772001	-0.783509	-0.795017	-0.806524	-0.818032	-0.829539	-0.841047	-0.852555	-0.864062	-0.875570	-0.887078	-0.898585	-0.910093	-0.921601	-0.933108	-0.944616	-0.956124	-0.967631	-0.979139	-0.990647	-1.002154	-1.013662	-1.025170	-1.036677	-1.048185	-1.059692	-1.071200	-1.082708	-1.094215	-1.105723	-1.117231	-1.128738	-1.140246	-1.151754	-1.163261	-1.174769	-1.186277	-1.197784	-1.209292	-1.220800	-1.232307	-1.243815	-1.255323	-1.266830	-1.278338	-1.289846	-1.301353	-1.312861	-1.324368	-1.335876	-1.347384	-1.358891	-1.370399	-1.381907	-1.393414	-1.404922	-1.416430	-1.427937	-1.439445	-1.450953	-1.462460	-1.473968	-1.485476	-1.496983	-1.508491	-1.519999	-1.531506	-1.543014	-1.554522	-1.566029	-1.577537	-1.589044	-1.600552	-1.612060	-1.623567	-1.635075	-1.646583	-1.658090	-1.669598	-1.681106	-1.692613	-1.704121	-1.715629	-1.727136	-1.738644	-1.750152	-1.761659	-1.773167	-1.784675	-1.796182	-1.807690	-1.819198	-1.830705	-1.842213	-1.853720	-1.865228	-1.876736	-1.888243	-1.899751	-1.911259	-1.922766	-1.934274	-1.945782	-1.957289	-1.968797	-1.980305	-1.991812	
-0.685694	-0.697201	-0.708709	-0.720217	-0.731724	-0.743232	-0.754740	-0.766247	-0.777755	-0.789263	-0.800770	-0.812278	-0.823786	-0.835293	-0.846801	-0.858309	-0.869816	-0.881324	-0.892832	-0.904339	-0.915847	-0.927355	-0.938862	-0.950370	-0.961877	-0.973385	-0.984893	-0.996400	-1.007908	-1.019416	-1.030923	-1.042431	-1.053939	-1.065446	-1.076954	-1.088462	-1.099969	-1.111477	-1.122985	-1.134492	-1.146000	-1.157508	-1.169015	-1.180523	-1.192030	-1.203538	-1.215046	-1.226553	-1.238061	-1.249569	-1.261076	-1.272584	-1.284092	-1.295599	-1.307107	-1.318615	-1.330122	-1.341630	-1.353138	-1.364645	-1.376153	-1.387661	-1.399168	-1.410676	-1.422184	-1.433691	-1.445199	-1.456706	-1.468214	-1.479722	-1.491229	-1.502737	-1.514245	-1.525752	-1.537260	-1.548768	-1.560275	-1.571783	-1.583291	-1.594798	-1.606306	-1.617814	-1.629321	-1.640829	-1.652337	-1.663844	-1.675352	-1.686860	-1.698367	-1.709875	-1.721382	-1.732890	-1.744398	-1.755905	-1.767413	-1.778921	-1.790428	-1.801936	-1.813444	-1.824951	-1.836459	-1.847967	-1.859474	-1.870982	-1.882490	-1.893997	-1.905505	-1.917013	-1.928520	-1.940028	-1.951536	-1.963043	-1.974551	-1.986058	-1.997566	
-0.668432	-0.679940	-0.691448	-0.702955	-0.714463	-0.725971	-0.737478	-0.748986	-0.760494	-0.772001	-0.783509	-0.795017	-0.806524	-0.818032	-0.829539	-0.841047	-0.852555	-0.864062	-0.875570	-0.887078	-0.898585	-0.910093	-0.921601	-0.933108	-0.944616	-0.956124	-0.967631	-0.979139	-0.990647	-1.002154	-1.013662	-1.025170	-1.036677	-1.048185	-1.059692	-1.071200	-1.082708	-1.094215	-1.105723	-1.117231	-1.128738	-1.140246	-1.151754	-1.163261	-1.174769	-1.186277	-1.197784	-1.209292	-1.220800	-1.232307	-1.243815	-1.255323	-1.266830	-1.278338	-1.289846	-1.301353	-1.312861	-1.324368	-1.335876	-1.347384	-1.358891	-1.370399	-1.381907	-1.393414	-1.404922	-1.416430	-1.427937	-1.439445	-1.450953	-1.462460	-1.473968	-1.485476	-1.496983	-1.508491	-1.519999	-1.531506	-1.543014	-1.554522	-1.566029	-1.577537	-1.589044	-1.600552	-1.612060	-1.623567	-1.635075	-1.646583	-1.658090	-1.669598	-1.681106	-1.692613	-1.704121	-1.715629	-1.727136	-1.738644	-1.750152	-1.761659	-1.773167	-1.784675	-1.796182	-1.807690	-1.819198	-1.830705	-1.842213	-1.853720	-1.865228	-1.876736	-1.888243	-1.899751	-1.911259	-1.922766	-1.934274	-1.945782	-1.957289	-1.968797	-1.980305	-1.991812	
-0.651171	-0.662679	-0.674186	-0.685694	-0.697201	-0.708709	-0.720217	-0.731724	-0.743232	-0.754740	-0.766247	-0.777755	-0.789263	-0.800770	-0.812278	-0.823786	-0.835293	-0.846801	-0.858309	-0.869816	-0.881324	-0.892832	-0.904339	-0.915847	-0.927355	-0.938862	-0.950370	-0.961877	-0.973385	-0.984893	-0.996400	-1.007908	-1.019416	-1.030923	-1.042431	-1.053939	-1.065446	-1.076954	-1.088462	-1.099969	-1.111477	-1.122985	-1.134492	-1.146000	-1.157508	-1.169015	-1.180523	-1.192030	-1.203538	-1.215046	-1.226553	-1.238061	-1.249569	-1.261076	-1.272584	-1.284092	-1.295599	-1.307107	-1.318615	-1.330122	-1.341630	-1.353138	-1.364645	-1.376153	-1.387661	-1.399168	-1.410676	-1.422184	-1.433691	-1.445199	-1.456706	-1.468214	-1.479722	-1.491229	-1.502737	-1.514245	-1.525752	-1.537260	-1.548768	-1.560275	-1.571783	-1.583291	-1.594798	-1.606306	-1.617814	-1.629321	-1.640829	-1.652337	-1.663844	-1.675352	-1.686860	-1.698367	-1.709875	-1.721382	-1.732890	-1.744398	-1.755905	-1.767413	-1.778921	-1.790428	-1.801936	-1.813444	-1.824951	-1.836459	-1.847967	-1.859474	-1.870982	-1.882490	-1.893997	-1.905505	-1.917013	-1.928520	-1.940028	-1.951536	-1.963043	-1.974551	-1.986058	-1.997566	
-0.633909	-0.645417	-0.656925	-0.668432	-0.679940	-0.691448	-0.702955	-0.714463	-0.725971	-0.737478	-0.748986	-0.760494	-0.772001	-0.783509	-0.795017	-0.806524	-0.818032	-0.829539	-0.841047	-0.852555	-0.864062	-0.875570	-0.887078	-0.898585	-0.910093	-0.921601	-0.933108	-0.944616	-0.956124	-0.967631	-0.979139	-0.990647	-1.002154	-1.013662	-1.025170	-1.036677	-1.048185	-1.059692	-1.071200	-1.082708	-1.094215	-1.105723	-1.117231	-1.128738	-1.140246	-1.151754	-1.163261	-1.174769	-1.186277	-1.197784	-1.209292	-1.220800	-1.232307	-1.243815	-1.255323	-1.266830	-1.278338	-1.289846	-1.301353	-1.312861	-1.324368	-1.335876	-1.347384	-1.358891	-1.370399	-1.381907	-1.393414	-1.404922	-1.416430	-1.427937	-1.439445	-1.450953	-1.462460	-1.473968	-1.485476	-1.496983	-1.508491	-1.519999	-1.531506	-1.543014	-1.554522	-1.566029	-1.577537	-1.589044	-1.600552	-1.612060	-1.623567	-1.635075	-1.646583	-1.658090	-1.669598	-1.681106	-1.692613	-1.704121	-1.715629	-1.727136	-1.738644	-1.750152	-1.761659	-1.773167	-1.784675	-1.796182	-1.807690	-1.819198	-1.830705	-1.842213	-1.853720	-1.865228	-1.876736	-1.888243	-1.899751	-1.911259	-1.922766	-1.934274	-1.945782	-1.957289	-1.968797	-1.980305	-1.991812	
-0.616648	-0.628156	-0.639663	-0.651171	-0.662679	-0.674186	-0.685694	-0.697201	-0.708709	-0.720217	-0.731724	-0.743232	-0.754740	-0.766247	-0.777755	-0.789263	-0.800770	-0.812278	-0.823786	-0.835293	-0.846801	-0.858309	-0.869816	-0.881324	-0.892832	-0.904339	-0.915847	-0.927355	-0.938862	-0.950370	-0.961877	-0.973385	-0.984893	-0.996400	-1.007908	-1.019416	-1.030923	-1.042431	-1.053939	-1.065446	-1.076954	-1.088462	-1.099969	-1.111477	-1.122985	-1.134492	-1.146000	-1.157508	-1.169015	-1.180523	-1.192030	-1.203538	-1.215046	-1.226553	-1.238061	-1.249569	-1.261076	-1.272584	-1.284092	-1.295599	-1.307107	-1.318615	-1.330122	-1.341630	-1.353138	-1.364645	-1.376153	-1.387661	-1.399168	-1.410676	-1.422184	-1.433691	-1.445199	-1.456706	-1.468214	-1.479722	-1.491229	-1.502737	-1.514245	-1.525752	-1.537260	-1.548768	-1.560275	-1.571783	-1.583291	-1.594798	-1.606306	-1.617814	-1.629321	-1.640829	-1.652337	-1.663844	-1.675352	-1.686860	-1.698367	-1.709875	-1.721382	-1.732890	-1.744398	-1.755905	-1.767413	-1.778921	-1.790428	-1.801936	-1.813444	-1.824951	-1.836459	-1.847967	-1.859474	-1.870982	-1.882490	-1.893997	-1.905505	-1.917013	-1.928520	-1.940028	-1.951536	-1.963043	-1.974551	-1.986058	-1.997566	
-0.599386	-0.610894	-0.622402	-0.633909	-0.645417	-0.656925	-0.668432	-0.679940	-0.691448	-0.702955	-0.714463	-0.725971	-0.737478	-0.748986	-0.760494	-0.772001	-0.783509	-0.795017	-0.806524	-0.818032	-0.829539	-0.841047	-0.852555	-0.864062	-0.875570	-0.887078	-0.898585	-0.910093	-0.921601	-0.933108	-0.944616	-0.956124	-0.967631	-0.979139	-0.990647	-1.002154	-1.013662	-1.025170	-1.036677	-1.048185	-1.059692	-1.071200	-1.082708	-1.094215	-1.105723	-1.117231	-1.128738	-1.140246	-1.151754	-1.163261	-1.174769	-1.186277	-1.197784	-1.209292	-1.220800	-1.232307	-1.243815	-1.255323	-1.266830	-1.278338	-1.289846	-1.301353	-1.312861	-1.324368	-1.335876	-1.347384	-1.358891	-1.370399	-1.381907	-1.393414	-1.404922	-1.416430	-1.427937	-1.439445	-1.450953	-1.462460	-1.473968	-1.485476	-1.496983	-1.508491	-1.519999	-1.531506	-1.543014	-1.554522	-1.566029	-1.577537	-1.589044	-1.600552	-1.612060	-1.623567	-1.635075	-1.646583	-1.658090	-1.669598	-1.681106	-1.692613	-1.704121	-1.715629	-1.727136	-1.738644	-1.750152	-1.761659	-1.773167	-1.784675	-1.796182	-1.807690	-1.819198	-1.830705	-1.842213	-1.853720	-1.865228	-1.876736	-1.888243	-1.899751	-1.911259	-1.922766	-1.934274	-1.945782	-1.957289	-1.968797	-1.980305	-1.991812	
-0.582125	-0.593633	-0.605140	-0.616648	-0.628156	-0.639663	-0.651171	-0.662679	-0.674186	-0.685694	-0.697201	-0.708709	-0.720217	-0.731724	-0.743232	-0.754740	-0.766247	-0.777755	-0.789263	-0.800770	-0.812278	-0.823786	-0.835293	-0.846801	-0.858309	-0.869816	-0.881324	-0.892832	-0.904339	-0.915847	-0.927355	-0.938862	-0.950370	-0.961877	-0.973385	-0.984893	-0.996400	-1.007908	-1.019416	-1.030923	-1.042431	-1.053939	-1.065446	-1.076954	-1.088462	-1.099969	-1.111477	-1.122985	-1.134492	-1.146000	-1.157508	-1.169015	-1.180523	-1.192030	-1.203538	-1.215046	-1.226553	-1.238061	-1.249569	-1.261076	-1.272584	-1.284092	-1.295599	-1.307107	-1.318615	-1.330122	-1.341630	-1.353138	-1.364645	-1.376153	-1.387661	-1.399168	-1.410676	-1.422184	-1.433691	-1.445199	-1.456706	-1.468214	-1.479722	-1.491229	-1.502737	-1.514245	-1.525752	-1.537260	-1.548768	-1.560275	-1.571783	-1.583291	-1.594798	-1.606306	-1.617814	-1.629321	-1.640829	-1.652337	-1.663844	-1.675352	-1.686860	-1.698367	-1.709875	-1.721382	-1.732890	-1.744398	-1.755905	-1.767413	-1.778921	-1.790428	-1.801936	-1.813444	-1.824951	-1.836459	-1.847967	-1.859474	-1.870982	-1.882490	-1.893997	-1.905505	-1.917013	-1.928520	-1.940028	-1.951536	-1.963043	-1.974551	-1.986058	-1.997566	
-0.564863	-0.576371	-0.587879	-0.599386	-0.610894	-0.622402	-0.633909	-0.645417	-0.656925	-0.668432	-0.679940	-0.691448	-0.702955	-0.714463	-0.725971	-0.737478	-0.748986	-0.760494	-0.772001	-0.783509	-0.795017	-0.806524	-0.818032	-0.829539	-0.841047	-0.852555	-0.864062	-0.875570	-0.887078	-0.898585	-0.910093	-0.921601	-0.933108	-0.944616	-0.956124	-0.967631	-0.979139	-0.990647	-1.002154	-1.013662	-1.025170	-1.036677	-1.048185	-1.059692	-1.071200	-1.082708	-1.094215	-1.105723	-1.117231	-1.128738	-1.140246	-1.151754	-1.163261	-1.174769	-1.186277	-1.197784	-1.209292	-1.220800	-1.232307	-1.243815	-1.255323	-1.266830	-1.278338	-1.289846	-1.301353	-1.312861	-1.324368	-1.335876	-1.347384	-1.358891	-1.370399	-1.381907	-1.393414	-1.404922	-1.416430	-1.427937	-1.439445	-1.450953	-1.462460	-1.473968	-1.485476	-1.496983	-1.508491	-1.519999	-1.531506	-1.543014	-1.554522	-1.566029	-1.577537	-1.589044	-1.600552	-1.612060	-1.623567	-1.635075	-1.646583	-1.658090	-1.669598	-1.681106	-1.692613	-1.704121	-1.715629	-1.727136	-1.738644	-1.750152	-1.761659	-1.773167	-1.784675	-1.796182	-1.807690	-1.819198	-1.830705	-1.842213	-1.853720	-1.865228	-1.876736	-1.888243	-1.899751	-1.911259	-1.922766	-1.934274	-1.945782	-1.957289	-1.968797	-1.980305	-1.991812	
-0.547602	-0.559110	-0.570617	-0.582125	-0.593633	-0.605140	-0.616648	-0.628156	-0.639663	-0.651171	-0.662679	-0.674186	-0.685694	-0.697201	-0.708709	-0.720217	-0.731724	-0.743232	-0.754740	-0.766247	-0.777755	-0.789263	-0.800770	-0.812278	-0.823786	-0.835293	-0.846801	-0.858309	-0.869816	-0.881324	-0.892832	-0.904339	-0.915847	-0.927355	-0.938862	-0.950370	-0.961877	-0.973385	-0.984893	-0.996400	-1.007908	-1.019416	-1.030923	-1.042431	-1.053939	-1.065446	-1.076954	-1.088462	-1.099969	-1.111477	-1.122985	-1.134492	-1.146000	-1.157508	-1.169015	-1.180523	-1.192030	-1.203538	-1.215046	-1.226553	-1.238061	-1.249569	-1.261076	-1.272584	-1.284092	-1.295599	-1.307107	-1.318615	-1.330122	-1.341630	-1.353138	-1.364645	-1.376153	-1.387661	-1.399168	-1.410676	-1.422184	-1.433691	-1.445199	-1.456706	-1.468214	-1.479722	-1.491229	-1.502737	-1.514245	-1.525752	-1.537260	-1.548768	-1.560275	-1.571783	-1.583291	-1.594798	-1.606306	-1.617814	-1.629321	-1.640829	-1.652337	-1.663844	-1.675352	-1.686860	-1.698367	-1.709875	-1.721382	-1.732890	-1.744398	-1.755905	-1.767413	-1.778921	-1.790428	-1.801936	-1.813444	-1.824951	-1.836459	-1.847967	-1.859474	-1.870982	-1.882490	-1.893997	-1.905505	-1.917013	-1.928520	-1.940028	-1.951536	-1.963043	-1.974551	-1.986058	-1.997566	
-0.530341	-0.541848	-0.553356	-0.564863	-0.576371	-0.587879	-0.599386	-0.610894	-0.622402	-0.633909	-0.645417	-0.656925	-0.668432	-0.679940	-0.691448	-0.702955	-0.714463	-0.725971	-0.737478	-0.748986	-0.760494	-0.772001	-0.783509	-0.795017	-0.806524	-0.818032	-0.829539	-0.841047	-0.852555	-0.864062	-0.875570	-0.887078	-0.898585	-0.910093	-0.921601	-0.933108	-0.944616	-0.956124	-0.967631	-0.979139	-0.990647	-1.002154	-1.013662	-1.025170	-1.036677	-1.048185	-1.059692	-1.071200	-1.082708	-1.094215	-1.105723	-1.117231	-1.128738	-1.140246	-1.151754	-1.163261	-1.174769	-1.186277	-1.197784	-1.209292	-1.220800	-1.232307	-1.243815	-1.255323	-1.266830	-1.278338	-1.289846	-1.301353	-1.312861	-1.324368	-1.335876	-1.347384	-1.358891	-1.370399	-1.381907	-1.393414	-1.404922	-1.416430	-1.427937	-1.439445	-1.450953	-1.462460	-1.473968	-1.485476	-1.496983	-1.508491	-1.519999	-1.531506	-1.543014	-1.554522	-1.566029	-1.577537	-1.589044	-1.600552	-1.612060	-1.623567	-1.635075	-1.646583	-1.658090	-1.669598	-1.681106	-1.692613	-1.704121	-1.715629	-1.727136	-1.738644	-1.750152	-1.761659	-1.773167	-1.784675	-1.796182	-1.807690	-1.819198	-1.830705	-1.842213	-1.853720	-1.865228	-1.876736	-1.888243	-1.899751	-1.911259	-1.922766	-1.934274	-1.945782	-1.957289	-1.968797	-1.980305	-1.991812	
-0.513079	-0.524587	-0.536094	-0.547602	-0.559110	-0.570617	-0.582125	-0.593633	-0.605140	-0.616648	-0.628156	-0.639663	-0.651171	-0.662679	-0.674186	-0.685694	-0.697201	-0.708709	-0.720217	-0.731724	-0.743232	-0.754740	-0.766247	-0.777755	-0.789263	-0.800770	-0.812278	-0.823786	-0.835293	-0.846801	-0.858309	-0.869816	-0.881324	-0.892832	-0.904339	-0.915847	-0.927355	-0.938862	-0.950370	-0.961877	-0.973385	-0.984893	-0.996400	-1.007908	-1.019416	-1.030923	-1.042431	-1.053939	-1.065446	-1.076954	-1.088462	-1.099969	-1.111477	-1.122985	-1.134492	-1.146000	-1.157508	-1.169015	-1.180523	-1.192030	-1.203538	-1.215046	-1.226553	-1.238061	-1.249569	-1.261076	-1.272584	-1.284092	-1.295599	-1.307107	-1.318615	-1.330122	-1.341630	-1.353138	-1.364645	-1.376153	-1.387661	-1.399168	-1.410676	-1.422184	-1.433691	-1.445199	-1.456706	-1.468214	-1.479722	-1.491229	-1.502737	-1.514245	-1.525752	-1.537260	-1.548768	-1.560275	-1.571783	-1.583291	-1.594798	-1.606306	-1.617814	-1.629321	-1.640829	-1.652337	-1.663844	-1.675352	-1.686860	-1.698367	-1.709875	-1.721382	-1.732890	-1.744398	-1.755905	-1.767413	-1.778921	-1.790428	-1.801936	-1.813444	-1.824951	-1.836459	-1.847967	-1.859474	-1.870982	-1.882490	-1.893997	-1.905505	-1.917013	-1.928520	-1.940028	-1.951536	-1.963043	-1.974551	-1.986058	-1.997566	
-0.495818	-0.507325	-0.518833	-0.530341	-0.541848	-0.553356	-0.564863	-0.576371	-0.587879	-0.599386	-0.610894	-0.622402	-0.633909	-0.645417	-0.656925	-0.668432	-0.679940	-0.691448	-0.702955	-0.714463	-0.725971	-0.737478	-0.748986	-0.760494	-0.772001	-0.783509	-0.795017	-0.806524	-0.818032	-0.829539	-0.841047	-0.852555	-0.864062	-0.875570	-0.887078	-0.898585	-0.910093	-0.921601	-0.933108	-0.944616	-0.956124	-0.967631	-0.979139	-0.990647	-1.002154	-1.013662	-1.025170	-1.036677	-1.048185	-1.059692	-1.071200	-1.082708	-1.094215	-1.105723	-1.117231	-1.128738	-1.140246	-1.151754	-1.163261	-1.174769	-1.186277	-1.197784	-1.209292	-1.220800	-1.232307	-1.243815	-1.255323	-1.266830	-1.278338	-1.289846	-1.301353	-1.312861	-1.324368	-1.335876	-1.347384	-1.358891	-1.370399	-1.381907	-1.393414	-1.404922	-1.416430	-1.427937	-1.439445	-1.450953	-1.462460	-1.473968	-1.485476	-1.496983	-1.508491	-1.519999	-1.531506	-1.543014	-1.554522	-1.566029	-1.577537	-1.589044	-1.600552	-1.612060	-1.623567	-1.635075	-1.646583	-1.658090	-1.669598	-1.681106	-1.692613	-1.704121	-1.715629	-1.727136	-1.738644	-1.750152	-1.761659	-1.773167	-1.784675	-1.796182	-1.807690	-1.819198	-1.830705	-1.842213	-1.853720	-1.865228	-1.876736	-1.888243	-1.899751	-1.911259	-1.922766	-1.934274	-1.945782	-1.957289	-1.968797	-1.980305	-1.991812	
-0.478556	-0.490064	-0.501571	-0.513079	-0.524587	-0.536094	-0.547602	-0.559110	-0.570617	-0.582125	-0.593633	-0.605140	-0.616648	-0.628156	-0.639663	-0.651171	-0.662679	-0.674186	-0.685694	-0.697201	-0.708709	-0.720217	-0.731724	-0.743232	-0.754740	-0.766247	-0.777755	-0.789263	-0.800770	-0.812278	-0.823786	-0.835293	-0.846801	-0.858309	-0.869816	-0.881324	-0.892832	-0.904339	-0.915847	-0.927355	-0.938862	-0.950370	-0.961877	-0.973385	-0.984893	-0.996400	-1.007908	-1.019416	-1.030923	-1.042431	-1.053939	-1.065446	-1.076954	-1.088462	-1.099969	-1.111477	-1.122985	-1.134492	-1.146000	-1.157508	-1.169015	-1.180523	-1.192030	-1.203538	-1.215046	-1.226553	-1.238061	-1.249569	-1.261076	-1.272584	-1.284092	-1.295599	-1.307107	-1.318615	-1.330122	-1.341630	-1.353138	-1.364645	-1.376153	-1.387661	-1.399168	-1.410676	-1.422184	-1.433691	-1.445199	-1.456706	-1.468214	-1.479722	-1.491229	-1.502737	-1.514245	-1.525752	-1.537260	-1.548768	-1.560275	-1.571783	-1.583291	-1.594798	-1.606306	-1.617814	-1.629321	-1.640829	-1.652337	-1.663844	-1.675352	-1.686860	-1.698367	-1.709875	-1.721382	-1.732890	-1.744398	-1.755905	-1.767413	-1.778921	-1.790428	-1.801936	-1.813444	-1.824951	-1.836459	-1.847967	-1.859474	-1.870982	-1.882490	-1.893997	-1.905505	-1.917013	-1.928520	-1.940028	-1.951536	-1.963043	-1.974551	-1.986058	-1.997566	
-0.461295	-0.472802	-0.484310	-0.495818	-0.507325	-0.518833	-0.530341	-0.541848	-0.553356	-0.564863	-0.576371	-0.587879	-0.599386	-0.610894	-0.622402	-0.633909	-0.645417	-0.656925	-0.668432	-0.679940	-0.691448	-0.702955	-0.714463	-0.725971	-0.737478	-0.748986	-0.760494	-0.772001	-0.783509	-0.795017	-0.806524	-0.818032	-0.829539	-0.841047	-0.852555	-0.864062	-0.875570	-0.887078	-0.898585	-0.910093	-0.921601	-0.933108	-0.944616	-0.956124	-0.967631	-0.979139	-0.990647	-1.002154	-1.013662	-1.025170	-1.036677	-1.048185	-1.059692	-1.071200	-1.082708	-1.094215	-1.105723	-1.117231	-1.128738	-1.140246	-1.151754	-1.163261	-1.174769	-1.186277	-1.197784	-1.209292	-1.220800	-1.232307	-1.243815	-1.255323	-1.266830	-1.278338	-1.289846	-1.301353	-1.312861	-1.324368	-1.335876	-1.347384	-1.358891	-1.370399	-1.381907	-1.393414	-1.404922	-1.416430	-1.427937	-1.439445	-1.450953	-1.462460	-1.473968	-1.485476	-1.496983	-1.508491	-1.519999	-1.531506	-1.543014	-1.554522	-1.566029	-1.577537	-1.589044	-1.600552	-1.612060	-1.623567	-1.635075	-1.646583	-1.658090	-1.669598	-1.681106	-1.692613	-1.704121	-1.715629	-1.727136	-1.738644	-1.750152	-1.761659	-1.773167	-1.784675	-1.796182	-1.807690	-1.819198	-1.830705	-1.842213	-1.853720	-1.865228	-1.876736	-1.888243	-1.899751	-1.911259	-1.922766	-1.934274	-1.945782	-1.957289	-1.968797	-1.980305	-1.991812	
-0.444033	-0.455541	-0.467048	-0.478556	-0.490064	-0.501571	-0.513079	-0.524587	-0.536094	-0.547602	-0.559110	-0.570617	-0.582125	-0.593633	-0.605140	-0.616648	-0.628156	-0.639663	-0.651171	-0.662679	-0.674186	-0.685694	-0.697201	-0.708709	-0.720217	-0.731724	-0.743232	-0.754740	-0.766247	-0.777755	-0.789263	-0.800770	-0.812278	-0.823786	-0.835293	-0.846801	-0.858309	-0.869816	-0.881324	-0.892832	-0.904339	-0.915847	-0.927355	-0.938862	-0.950370	-0.961877	-0.973385	-0.984893	-0.996400	-1.007908	-1.019416	-1.030923	-1.042431	-1.053939	-1.065446	-1.076954	-1.088462	-1.099969	-1.111477	-1.122985	-1.134492	-1.146000	-1.157508	-1.169015	-1.180523	-1.192030	-1.203538	-1.215046	-1.226553	-1.238061	-1.249569	-1.261076	-1.272584	-1.284092	-1.295599	-1.307107	-1.318615	-1.330122	-1.341630	-1.353138	-1.364645	-1.376153	-1.387661	-1.399168	-1.410676	-1.422184	-1.433691	-1.445199	-1.456706	-1.468214	-1.479722	-1.491229	-1.502737	-1.514245	-1.525752	-1.537260	-1.548768	-1.560275	-1.571783	-1.583291	-1.594798	-1.606306	-1.617814	-1.629321	-1.640829	-1.652337	-1.663844	-1.675352	-1.686860	-1.698367	-1.709875	-1.721382	-1.732890	-1.744398	-1.755905	-1.767413	-1.778921	-1.790428	-1.801936	-1.813444	-1.824951	-1.836459	-1.847967	-1.859474	-1.870982	-1.882490	-1.893997	-1.905505	-1.917013	-1.928520	-1.940028	-1.951536	-1.963043	-1.974551	-1.986058	-1.997566	
-0.426772	-0.438279	-0.449787	-0.461295	-0.472802	-0.484310	-0.495818	-0.507325	-0.518833	-0.530341	-0.541848	-0.553356	-0.564863	-0.576371	-0.587879	-0.599386	-0.610894	-0.622402	-0.633909	-0.645417	-0.656925	-0.668432	-0.679940	-0.691448	-0.702955	-0.714463	-0.725971	-0.737478	-0.748986	-0.760494	-0.772001	-0.783509	-0.795017	-0.806524	-0.818032	-0.829539	-0.841047	-0.852555	-0.864062	-0.875570	-0.887078	-0.898585	-0.910093	-0.921601	-0.933108	-0.944616	-0.956124	-0.967631	-0.979139	-0.990647	-1.002154	-1.013662	-1.025170	-1.036677	-1.048185	-1.059692	-1.071200	-1.082708	-1.094215	-1.105723	-1.117231	-1.128738	-1.140246	-1.151754	-1.163261	-1.174769	-1.186277	-1.197784	-1.209292	-1.220800	-1.232307	-1.243815	-1.255323	-1.266830	-1.278338	-1.289846	-1.301353	-1.312861	-1.324368	-1.335876	-1.347384	-1.358891	-1.370399	-1.381907	-1.393414	-1.404922	-1.416430	-1.427937	-1.439445	-1.450953	-1.462460	-1.473968	-1.485476	-1.496983	-1.508491	-1.519999	-1.531506	-1.543014	-1.554522	-1.566029	-1.577537	-1.589044	-1.600552	-1.612060	-1.623567	-1.635075	-1.646583	-1.658090	-1.669598	-1.681106	-1.692613	-1.704121	-1.715629	-1.727136	-1.738644	-1.750152	-1.761659	-1.773167	-1.784675	-1.796182	-1.807690	-1.819198	-1.830705	-1.842213	-1.853720	-1.865228	-1.876736	-1.888243	-1.899751	-1.911259	-1.922766	-1.934274	-1.945782	-1.957289	-1.968797	-1.980305	-1.991812	
-0.409510	-0.421018	-0.432525	-0.444033	-0.455541	-0.467048	-0.478556	-0.490064	-0.501571	-0.513079	-0.524587	-0.536094	-0.547602	-0.559110	-0.570617	-0.582125	-0.593633	-0.605140	-0.616648	-0.628156	-0.639663	-0.651171	-0.662679	-0.674186	-0.685694	-0.697201	-0.708709	-0.720217	-0.731724	-0.743232	-0.754740	-0.766247	-0.777755	-0.789263	-0.800770	-0.812278	-0.823786	-0.835293	-0.846801	-0.858309	-0.869816	-0.881324	-0.892832	-0.904339	-0.915847	-0.927355	-0.938862	-0.950370	-0.961877	-0.973385	-0.984893	-0.996400	-1.007908	-1.019416	-1.030923	-1.042431	-1.053939	-1.065446	-1.076954	-1.088462	-1.099969	-1.111477	-1.122985	-1.134492	-1.146000	-1.157508	-1.169015	-1.180523	-1.192030	-1.203538	-1.215046	-1.226553	-1.238061	-1.249569	-1.261076	-1.272584	-1.284092	-1.295599	-1.307107	-1.318615	-1.330122	-1.341630	-1.353138	-1.364645	-1.376153	-1.387661	-1.399168	-1.410676	-1.422184	-1.433691	-1.445199	-1.456706	-1.468214	-1.479722	-1.491229	-1.502737	-1.514245	-1.525752	-1.537260	-1.548768	-1.560275	-1.571783	-1.583291	-1.594798	-1.606306	-1.617814	-1.629321	-1.640829	-1.652337	-1.663844	-1.675352	-1.686860	-1.698367	-1.709875	-1.721382	-1.732890	-1.744398	-1.755905	-1.767413	-1.778921	-1.790428	-1.801936	-1.813444	-1.824951	-1.836459	-1.847967	-1.859474	-1.870982	-1.882490	-1.893997	-1.905505	-1.917013	-1.928520	-1.940028	-1.951536	-1.963043	-1.974551	-1.986058	-1.997566	
-0.392249	-0.403756	-0.415264	-0.426772	-0.438279	-0.449787	-0.461295	-0.472802	-0.484310	-0.495818	-0.507325	-0.518833	-0.530341	-0.541848	-0.553356	-0.564863	-0.576371	-0.587879	-0.599386	-0.610894	-0.622402	-0.633909	-0.645417	-0.656925	-0.668432	-0.679940	-0.691448	-0.702955	-0.714463	-0.725971	-0.737478	-0.748986	-0.760494	-0.772001	-0.783509	-0.795017	-0.806524	-0.818032	-0.829539	-0.841047	-0.852555	-0.864062	-0.875570	-0.887078	-0.898585	-0.910093	-0.921601	-0.933108	-0.944616	-0.956124	-0.967631	-0.979139	-0.990647	-1.002154	-1.013662	-1.025170	-1.036677	-1.048185	-1.059692	-1.071200	-1.082708	-1.094215	-1.105723	-1.117231	-1.128738	-1.140246	-1.151754	-1.163261	-1.174769	-1.186277	-1.197784	-1.209292	-1.220800	-1.232307	-1.243815	-1.255323	-1.266830	-1.278338	-1.289846	-1.301353	-1.312861	-1.324368	-1.335876	-1.347384	-1.358891	-1.370399	-1.381907	-1.393414	-1.404922	-1.416430	-1.427937	-1.439445	-1.450953	-1.462460	-1.473968	-1.485476	-1.496983	-1.508491	-1.519999	-1.531506	-1.543014	-1.554522	-1.566029	-1.577537	-1.589044	-1.600552	-1.612060	-1.623567	-1.635075	-1.646583	-1.658090	-1.669598	-1.681106	-1.692613	-1.704121	-1.715629	-1.727136	-1.738644	-1.750152	-1.761659	-1.773167	-1.784675	-1.796182	-1.807690	-1.819198	-1.830705	-1.842213	-1.853720	-1.865228	-1.876736	-1.888243	-1.899751	-1.911259	-1.922766	-1.934274	-1.945782	-1.957289	-1.968797	-1.980305	-1.991812	
-0.374987	-0.386495	-0.398003	-0.409510	-0.421018	-0.432525	-0.444033	-0.455541	-0.467048	-0.478556	-0.490064	-0.501571	-0.513079	-0.524587	-0.536094	-0.547602	-0.559110	-0.570617	-0.582125	-0.593633	-0.605140	-0.616648	-0.628156	-0.639663	-0.651171	-0.662679	-0.674186	-0.685694	-0.697201	-0.708709	-0.720217	-0.731724	-0.743232	-0.754740	-0.766247	-0.777755	-0.789263	-0.800770	-0.812278	-0.823786	-0.835293	-0.846801	-0.858309	-0.869816	-0.881324	-0.892832	-0.904339	-0.915847	-0.927355	-0.938862	-0.950370	-0.961877	-0.973385	-0.984893	-0.996400	-1.007908	-1.019416	-1.030923	-1.042431	-1.053939	-1.065446	-1.076954	-1.088462	-1.099969	-1.111477	-1.122985	-1.134492	-1.146000	-1.157508	-1.169015	-1.180523	-1.192030	-1.203538	-1.215046	-1.226553	-1.238061	-1.249569	-1.261076	-1.272584	-1.284092	-1.295599	-1.307107	-1.318615	-1.330122	-1.341630	-1.353138	-1.364645	-1.376153	-1.387661	-1.399168	-1.410676	-1.422184	-1.433691	-1.445199	-1.456706	-1.468214	-1.479722	-1.491229	-1.502737	-1.514245	-1.525752	-1.537260	-1.548768	-1.560275	-1.571783	-1.583291	-1.594798	-1.606306	-1.617814	-1.629321	-1.640829	-1.652337	-1.663844	-1.675352	-1.686860	-1.698367	-1.709875	-1.721382	-1.732890	-1.744398	-1.755905	-1.767413	-1.778921	-1.790428	-1.801936	-1.813444	-1.824951	-1.836459	-1.847967	-1.859474	-1.870982	-1.882490	-1.893997	-1.905505	-1.917013	-1.928520	-1.940028	-1.951536	-1.963043	-1.974551	-1.986058	-1.997566	
-0.357726	-0.369233	-0.380741	-0.392249	-0.403756	-0.415264	-0.426772	-0.438279	-0.449787	-0.461295	-0.472802	-0.484310	-0.495818	-0.507325	-0.518833	-0.530341	-0.541848	-0.553356	-0.564863	-0.576371	-0.587879	-0.599386	-0.610894	-0.622402	-0.633909	-0.645417	-0.656925	-0.668432	-0.679940	-0.691448	-0.702955	-0.714463	-0.725971	-0.737478	-0.748986	-0.760494	-0.772001	-0.783509	-0.795017	-0.806524	-0.818032	-0.829539	-0.841047	-0.852555	-0.864062	-0.875570	-0.887078	-0.898585	-0.910093	-0.921601	-0.933108	-0.944616	-0.956124	-0.967631	-0.979139	-0.990647	-1.002154	-1.013662	-1.025170	-1.036677	-1.048185	-1.059692	-1.071200	-1.082708	-1.094215	-1.105723	-1.117231	-1.128738	-1.140246	-1.151754	-1.163261	-1.174769	-1.186277	-1.197784	-1.209292	-1.220800	-1.232307	-1.243815	-1.255323	-1.266830	-1.278338	-1.289846	-1.301353	-1.312861	-1.324368	-1.335876	-1.347384	-1.358891	-1.370399	-1.381907	-1.393414	-1.404922	-1.416430	-1.427937	-1.439445	-1.450953	-1.462460	-1.473968	-1.485476	-1.496983	-1.508491	-1.519999	-1.531506	-1.543014	-1.554522	-1.566029	-1.577537	-1.589044	-1.600552	-1.612060	-1.623567	-1.635075	-1.646583	-1.658090	-1.669598	-1.681106	-1.692613	-1.704121	-1.715629	-1.727136	-1.738644	-1.750152	-1.761659	-1.773167	-1.784675	-1.796182	-1.807690	-1.819198	-1.830705	-1.842213	-1.853720	-1.865228	-1.876736	-1.888243	-1.899751	-1.911259	-1.922766	-1.934274	-1.945782	-1.957289	-1.968797	-1.980305	-1.991812	
-0.340464	-0.351972	-0.363480	-0.374987	-0.386495	-0.398003	-0.409510	-0.421018	-0.432525	-0.444033	-0.455541	-0.467048	-0.478556	-0.490064	-0.501571	-0.513079	-0.524587	-0.536094	-0.547602	-0.559110	-0.570617	-0.582125	-0.593633	-0.605140	-0.616648	-0.628156	-0.639663	-0.651171	-0.662679	-0.674186	-0.685694	-0.697201	-0.708709	-0.720217	-0.731724	-0.743232	-0.754740	-0.766247	-0.777755	-0.789263	-0.800770	-0.812278	-0.823786	-0.835293	-0.846801	-0.858309	-0.869816	-0.881324	-0.892832	-0.904339	-0.915847	-0.927355	-0.938862	-0.950370	-0.961877	-0.973385	-0.984893	-0.996400	-1.007908	-1.019416	-1.030923	-1.042431	-1.053939	-1.065446	-1.076954	-1.088462	-1.099969	-1.111477	-1.122985	-1.134492	-1.146000	-1.157508	-1.169015	-1.180523	-1.192030	-1.203538	-1.215046	-1.226553	-1.238061	-1.249569	-1.261076	-1.272584	-1.284092	-1.295599	-1.307107	-1.318615	-1.330122	-1.341630	-1.353138	-1.364645	-1.376153	-1.387661	-1.399168	-1.410676	-1.422184	-1.433691	-1.445199	-1.456706	-1.468214	-1.479722	-1.491229	-1.502737	-1.514245	-1.525752	-1.537260	-1.548768	-1.560275	-1.571783	-1.583291	-1.594798	-1.606306	-1.617814	-1.629321	-1.640829	-1.652337	-1.663844	-1.675352	-1.686860	-1.698367	-1.709875	-1.721382	-1.732890	-1.744398	-1.755905	-1.767413	-1.778921	-1.790428	-1.801936	-1.813444	-1.824951	-1.836459	-1.847967	-1.859474	-1.870982	-1.882490	-1.893997	-1.905505	-1.917013	-1.928520	-1.940028	-1.951536	-1.963043	-1.974551	-1.986058	-1.997566	
-0.323203	-0.334710	-0.346218	-0.357726	-0.369233	-0.380741	-0.392249	-0.403756	-0.415264	-0.426772	-0.438279	-0.449787	-0.461295	-0.472802	-0.484310	-0.495818	-0.507325	-0.518833	-0.530341	-0.541848	-0.553356	-0.564863	-0.576371	-0.587879	-0.599386	-0.610894	-0.622402	-0.633909	-0.645417	-0.656925	-0.668432	-0.679940	-0.691448	-0.702955	-0.714463	-0.725971	-0.737478	-0.748986	-0.760494	-0.772001	-0.783509	-0.795017	-0.806524	-0.818032	-0.829539	-0.841047	-0.852555	-0.864062	-0.875570	-0.887078	-0.898585	-0.910093	-0.921601	-0.933108	-0.944616	-0.956124	-0.967631	-0.979139	-0.990647	-1.002154	-1.013662	-1.025170	-1.036677	-1.048185	-1.059692	-1.071200	-1.082708	-1.094215	-1.105723	-1.117231	-1.128738	-1.140246	-1.151754	-1.163261	-1.174769	-1.186277	-1.197784	-1.209292	-1.220800	-1.232307	-1.243815	-1.255323	-1.266830	-1.278338	-1.289846	-1.301353	-1.312861	-1.324368	-1.335876	-1.347384	-1.358891	-1.370399	-1.381907	-1.393414	-1.404922	-1.416430	-1.427937	-1.439445	-1.450953	-1.462460	-1.473968	-1.485476	-1.496983	-1.508491	-1.519999	-1.531506	-1.543014	-1.554522	-1.566029	-1.577537	-1.589044	-1.600552	-1.612060	-1.623567	-1.635075	-1.646583	-1.658090	-1.669598	-1.681106	-1.692613	-1.704121	-1.715629	-1.727136	-1.738644	-1.750152	-1.761659	-1.773167	-1.784675	-1.796182	-1.807690	-1.819198	-1.830705	-1.842213	-1.853720	-1.865228	-1.876736	-1.888243	-1.899751	-1.911259	-1.922766	-1.934274	-1.945782	-1.957289	-1.968797	-1.980305	-1.991812	
-0.305941	-0.317449	-0.328957	-0.340464	-0.351972	-0.363480	-0.374987	-0.386495	-0.398003	-0.409510	-0.421018	-0.432525	-0.444033	-0.455541	-0.467048	-0.478556	-0.490064	-0.501571	-0.513079	-0.524587	-0.536094	-0.547602	-0.559110	-0.570617	-0.582125	-0.593633	-0.605140	-0.616648	-0.628156	-0.639663	-0.651171	-0.662679	-0.674186	-0.685694	-0.697201	-0.708709	-0.720217	-0.731724	-0.743232	-0.754740	-0.766247	-0.777755	-0.789263	-0.800770	-0.812278	-0.823786	-0.835293	-0.846801	-0.858309	-0.869816	-0.881324	-0.892832	-0.904339	-0.915847	-0.927355	-0.938862	-0.950370	-0.961877	-0.973385	-0.984893	-0.996400	-1.007908	-1.019416	-1.030923	-1.042431	-1.053939	-1.065446	-1.076954	-1.088462	-1.099969	-1.111477	-1.122985	-1.134492	-1.146000	-1.157508	-1.169015	-1.180523	-1.192030	-1.203538	-1.215046	-1.226553	-1.238061	-1.249569	-1.261076	-1.272584	-1.284092	-1.295599	-1.307107	-1.318615	-1.330122	-1.341630	-1.353138	-1.364645	-1.376153	-1.387661	-1.399168	-1.410676	-1.422184	-1.433691	-1.445199	-1.456706	-1.468214	-1.479722	-1.491229	-1.502737	-1.514245	-1.525752	-1.537260	-1.548768	-1.560275	-1.571783	-1.583291	-1.594798	-1.606306	-1.617814	-1.629321	-1.640829	-1.652337	-1.663844	-1.675352	-1.686860	-1.698367	-1.709875	-1.721382	-1.732890	-1.744398	-1.755905	-1.767413	-1.778921	-1.790428	-1.801936	-1.813444	-1.824951	-1.836459	-1.847967	-1.859474	-1.870982	-1.882490	-1.893997	-1.905505	-1.917013	-1.928520	-1.940028	-1.951536	-1.963043	-1.974551	-1.986058	-1.997566	
-0.288680	-0.300187	-0.311695	-0.323203	-0.334710	-0.346218	-0.357726	-0.369233	-0.380741	-0.392249	-0.403756	-0.415264	-0.426772	-0.438279	-0.449787	-0.461295	-0.472802	-0.484310	-0.495818	-0.507325	-0.518833	-0.530341	-0.541848	-0.553356	-0.564863	-0.576371	-0.587879	-0.599386	-0.610894	-0.622402	-0.633909	-0.645417	-0.656925	-0.668432	-0.679940	-0.691448	-0.702955	-0.714463	-0.725971	-0.737478	-0.748986	-0.760494	-0.772001	-0.783509	-0.795017	-0.806524	-0.818032	-0.829539	-0.841047	-0.852555	-0.864062	-0.875570	-0.887078	-0.898585	-0.910093	-0.921601	-0.933108	-0.944616	-0.956124	-0.967631	-0.979139	-0.990647	-1.002154	-1.013662	-1.025170	-1.036677	-1.048185	-1.059692	-1.071200	-1.082708	-1.094215	-1.105723	-1.117231	-1.128738	-1.140246	-1.151754	-1.163261	-1.174769	-1.186277	-1.197784	-1.209292	-1.220800	-1.232307	-1.243815	-1.255323	-1.266830	-1.278338	-1.289846	-1.301353	-1.312861	-1.324368	-1.335876	-1.347384	-1.358891	-1.370399	-1.381907	-1.393414	-1.404922	-1.416430	-1.427937	-1.439445	-1.450953	-1.462460	-1.473968	-1.485476	-1.496983	-1.508491	-1.519999	-1.531506	-1.543014	-1.554522	-1.566029	-1.577537	-1.589044	-1.600552	-1.612060	-1.623567	-1.635075	-1.646583	-1.658090	-1.669598	-1.681106	-1.692613	-1.704121	-1.715629	-1.727136	-1.738644	-1.750152	-1.761659	-1.773167	-1.784675	-1.796182	-1.807690	-1.819198	-1.830705	-1.842213	-1.853720	-1.865228	-1.876736	-1.888243	-1.899751	-1.911259	-1.922766	-1.934274	-1.945782	-1.957289	-1.968797	-1.980305	-1.991812	
-0.285714	-0.285714	-0.294434	-0.305941	-0.317449	-0.328957	-0.340464	-0.351972	-0.363480	-0.374987	-0.386495	-0.398003	-0.409510	-0.421018	-0.432525	-0.444033	-0.455541	-0.467048	-0.478556	-0.490064	-0.501571	-0.513079	-0.524587	-0.536094	-0.547602	-0.559110	-0.570617	-0.582125	-0.593633	-0.605140	-0.616648	-0.628156	-0.639663	-0.651171	-0.662679	-0.674186	-0.685694	-0.697201	-0.708709	-0.720217	-0.731724	-0.743232	-0.754740	-0.766247	-0.777755	-0.789263	-0.800770	-0.812278	-0.823786	-0.835293	-0.846801	-0.858309	-0.869816	-0.881324	-0.892832	-0.904339	-0.915847	-0.927355	-0.938862	-0.950370	-0.961877	-0.973385	-0.984893	-0.996400	-1.007908	-1.019416	-1.030923	-1.042431	-1.053939	-1.065446	-1.076954	-1.088462	-1.099969	-1.111477	-1.122985	-1.134492	-1.146000	-1.157508	-1.169015	-1.180523	-1.192030	-1.203538	-1.215046	-1.226553	-1.238061	-1.249569	-1.261076	-1.272584	-1.284092	-1.295599	-1.307107	-1.318615	-1.330122	-1.341630	-1.353138	-1.364645	-1.376153	-1.387661	-1.399168	-1.410676	-1.422184	-1.433691	-1.445199	-1.456706	-1.468214	-1.479722	-1.491229	-1.502737	-1.514245	-1.525752	-1.537260	-1.548768	-1.560275	-1.571783	-1.583291	-1.594798	-1.606306	-1.617814	-1.629321	-1.640829	-1.652337	-1.663844	-1.675352	-1.686860	-1.698367	-1.709875	-1.721382	-1.732890	-1.744398	-1.755905	-1.767413	-1.778921	-1.790428	-1.801936	-1.813444	-1.824951	-1.836459	-1.847967	-1.859474	-1.870982	-1.882490	-1.893997	-1.905505	-1.917013	-1.928520	-1.940028	-1.951536	-1.963043	-1.974551	-1.986058	-1.997566	
-0.285714	-0.285714	-0.285714	-0.288680	-0.300187	-0.311695	-0.323203	-0.334710	-0.346218	-0.357726	-0.369233	-0.380741	-0.392249	-0.403756	-0.415264	-0.426772	-0.438279	-0.449787	-0.461295	-0.472802	-0.484310	-0.495818	-0.507325	-0.518833	-0.530341	-0.541848	-0.553356	-0.564863	-0.576371	-0.587879	-0.599386	-0.610894	-0.622402	-0.633909	-0.645417	-0.656925	-0.668432	-0.679940	-0.691448	-0.702955	-0.714463	-0.725971	-0.737478	-0.748986	-0.760494	-0.772001	-0.783509	-0.795017	-0.806524	-0.818032	-0.829539	-0.841047	-0.852555	-0.864062	-0.875570	-0.887078	-0.898585	-0.910093	-0.921601	-0.933108	-0.944616	-0.956124	-0.967631	-0.979139	-0.990647	-1.002154	-1.013662	-1.025170	-1.036677	-1.048185	-1.059692	-1.071200	-1.082708	-1.094215	-1.105723	-1.117231	-1.128738	-1.140246	-1.151754	-1.163261	-1.174769	-1.186277	-1.197784	-1.209292	-1.220800	-1.232307	-1.243815	-1.255323	-1.266830	-1.278338	-1.289846	-1.301353	-1.312861	-1.324368	-1.335876	-1.347384	-1.358891	-1.370399	-1.381907	-1.393414	-1.404922	-1.416430	-1.427937	-1.439445	-1.450953	-1.462460	-1.473968	-1.485476	-1.496983	-1.508491	-1.519999	-1.531506	-1.543014	-1.554522	-1.566029	-1.577537	-1.589044	-1.600552	-1.612060	-1.623567	-1.635075	-1.646583	-1.658090	-1.669598	-1.681106	-1.692613	-1.704121	-1.715629	-1.727136	-1.738644	-1.750152	-1.761659	-1.773167	-1.784675	-1.796182	-1.807690	-1.819198	-1.830705	-1.842213	-1.853720	-1.865228	-1.876736	-1.888243	-1.899751	-1.911259	-1.922766	-1.934274	-1.945782	-1.957289	-1.968797	-1.980305	-1.991812	
-0.285714	-0.285714	-0.285714	-0.285714	-0.285714	-0.294434	-0.305941	-0.317449	-0.328957	-0.340464	-0.351972	-0.363480	-0.374987	-0.386495	-0.398003	-0.409510	-0.421018	-0.432525	-0.444033	-0.455541	-0.467048	-0.478556	-0.490064	-0.501571	-0.513079	-0.524587	-0.536094	-0.547602	-0.559110	-0.570617	-0.582125	-0.593633	-0.605140	-0.616648	-0.628156	-0.639663	-0.651171	-0.662679	-0.674186	-0.685694	-0.697201	-0.708709	-0.720217	-0.731724	-0.743232	-0.754740	-0.766247	-0.777755	-0.789263	-0.800770	-0.812278	-0.823786	-0.835293	-0.846801	-0.858309	-0.869816	-0.881324	-0.892832	-0.904339	-0.915847	-0.927355	-0.938862	-0.950370	-0.961877	-0.973385	-0.984893	-0.996400	-1.007908	-1.019416	-1.030923	-1.042431	-1.053939	-1.065446	-1.076954	-1.088462	-1.099969	-1.111477	-1.122985	-1.134492	-1.146000	-1.157508	-1.169015	-1.180523	-1.192030	-1.203538	-1.215046	-1.226553	-1.238061	-1.249569	-1.261076	-1.272584	-1.284092	-1.295599	-1.307107	-1.318615	-1.330122	-1.341630	-1.353138	-1.364645	-1.376153	-1.387661	-1.399168	-1.410676	-1.422184	-1.433691	-1.445199	-1.456706	-1.468214	-1.479722	-1.491229	-1.502737	-1.514245	-1.525752	-1.537260	-1.548768	-1.560275	-1.571783	-1.583291	-1.594798	-1.606306	-1.617814	-1.629321	-1.640829	-1.652337	-1.663844	-1.675352	-1.686860	-1.698367	-1.709875	-1.721382	-1.732890	-1.744398	-1.755905	-1.767413	-1.778921	-1.790428	-1.801936	-1.813444	-1.824951	-1.836459	-1.847967	-1.859474	-1.870982	-1.882490	-1.893997	-1.905505	-1.917013	-1.928520	-1.940028	-1.951536	-1.963043	-1.974551	-1.986058	-1.997566	
-0.285714	-0.285714	-0.285714	-0.285714	-0.285714	-0.285714	-0.288680	-0.300187	-0.311695	-0.323203	-0.334710	-0.346218	-0.357726	-0.369233	-0.380741	-0.392249	-0.403756	-0.415264	-0.426772	-0.438279	-0.449787	-0.461295	-0.472802	-0.484310	-0.495818	-0.507325	-0.518833	-0.530341	-0.541848	-0.553356	-0.564863	-0.576371	-0.587879	-0.599386	-0.610894	-0.622402	-0.633909	-0.645417	-0.656925	-0.668432	-0.679940	-0.691448	-0.702955	-0.714463	-0.725971	-0.737478	-0.748986	-0.760494	-0.772001	-0.783509	-0.795017	-0.806524	-0.818032	-0.829539	-0.841047	-0.852555	-0.864062	-0.875570	-0.887078	-0.898585	-0.910093	-0.921601	-0.933108	-0.944616	-0.956124	-0.967631	-0.979139	-0.990647	-1.002154	-1.013662	-1.025170	-1.036677	-1.048185	-1.059692	-1.071200	-1.082708	-1.094215	-1.105723	-1.117231	-1.128738	-1.140246	-1.151754	-1.163261	-1.174769	-1.186277	-1.197784	-1.209292	-1.220800	-1.232307	-1.243815	-1.255323	-1.266830	-1.278338	-1.289846	-1.301353	-1.312861	-1.324368	-1.335876	-1.347384	-1.358891	-1.370399	-1.381907	-1.393414	-1.404922	-1.416430	-1.427937	-1.439445	-1.450953	-1.462460	-1.473968	-1.485476	-1.496983	-1.508491	-1.519999	-1.531506	-1.543014	-1.554522	-1.566029	-1.577537	-1.589044	-1.600552	-1.612060	-1.623567	-1.635075	-1.646583	-1.658090	-1.669598	-1.681106	-1.692613	-1.704121	-1.715629	-1.727136	-1.738644	-1.750152	-1.761659	-1.773167	-1.784675	-1.796182	-1.807690	-1.819198	-1.830705	-1.842213	-1.853720	-1.865228	-1.876736	-1.888243	-1.899751	-1.911259	-1.922766	-1.934274	-1.945782	-1.957289	-1.968797	-1.980305	-1.991812	
-0.285714	-0.285714	-0.285714	-0.285714	-0.285714	-0.285714	-0.285714	-0.285714	-0.294434	-0.305941	-0.317449	-0.328957	-0.340464	-0.351972	-0.363480	-0.374987	-0.386495	-0.398003	-0.409510	-0.421018	-0.432525	-0.444033	-0.455541	-0.467048	-0.478556	-0.490064	-0.501571	-0.513079	-0.524587	-0.536094	-0.547602	-0.559110	-0.570617	-0.582125	-0.593633	-0.605140	-0.616648	-0.628156	-0.639663	-0.651171	-0.662679	-0.674186	-0.685694	-0.697201	-0.708709	-0.720217	-0.731724	-0.743232	-0.754740	-0.766247	-0.777755	-0.789263	-0.800770	-0.812278	-0.823786	-0.835293	-0.846801	-0.858309	-0.869816	-0.881324	-0.892832	-0.904339	-0.915847	-0.927355	-0.938862	-0.950370	-0.961877	-0.973385	-0.984893	-0.996400	-1.007908	-1.019416	-1.030923	-1.042431	-1.053939	-1.065446	-1.076954	-1.088462	-1.099969	-1.111477	-1.122985	-1.134492	-1.146000	-1.157508	-1.169015	-1.180523	-1.192030	-1.203538	-1.215046	-1.226553	-1.238061	-1.249569	-1.261076	-1.272584	-1.284092	-1.295599	-1.307107	-1.318615	-1.330122	-1.341630	-1.353138	-1.364645	-1.376153	-1.387661	-1.399168	-1.410676	-1.422184	-1.433691	-1.445199	-1.456706	-1.468214	-1.479722	-1.491229	-1.502737	-1.514245	-1.525752	-1.537260	-1.548768	-1.560275	-1.571783	-1.583291	-1.594798	-1.606306	-1.617814	-1.629321	-1.640829	-1.652337	-1.663844	-1.675352	-1.686860	-1.698367	-1.709875	-1.721382	-1.732890	-1.744398	-1.755905	-1.767413	-1.778921	-1.790428	-1.801936	-1.813444	-1.824951	-1.836459	-1.847967	-1.859474	-1.870982	-1.882490	-1.893997	-1.905505	-1.917013	-1.928520	-1.940028	-1.951536	-1.963043	-1.974551	-1.986058	-1.997566	
-0.285714	-0.285714	-0.285714	-0.285714	-0.285714	-0.285714	-0.285714	-0.285714	-0.285714	-0.288680	-0.300187	-0.311695	-0.323203	-0.334710	-0.346218	-0.357726	-0.369233	-0.380741	-0.392249	-0.403756	-0.415264	-0.426772	-0.438279	-0.449787	-0.461295	-0.472802	-0.484310	-0.495818	-0.507325	-0.518833	-0.530341	-0.541848	-0.553356	-0.564863	-0.576371	-0.587879	-0.599386	-0.610894	-0.622402	-0.633909	-0.645417	-0.656925	-0.668432	-0.679940	-0.691448	-0.702955	-0.714463	-0.725971	-0.737478	-0.748986	-0.760494	-0.772001	-0.783509	-0.795017	-0.806524	-0.818032	-0.829539	-0.841047	-0.852555	-0.864062	-0.875570	-0.887078	-0.898585	-0.910093	-0.921601	-0.933108	-0.944616	-0.956124	-0.967631	-0.979139	-0.990647	-1.002154	-1.013662	-1.025170	-1.036677	-1.048185	-1.059692	-1.071200	-1.082708	-1.094215	-1.105723	-1.117231	-1.128738	-1.140246	-1.151754	-1.163261	-1.174769	-1.186277	-1.197784	-1.209292	-1.220800	-1.232307	-1.243815	-1.255323	-1.266830	-1.278338	-1.289846	-1.301353	-1.312861	-1.324368	-1.335876	-1.347384	-1.358891	-1.370399	-1.381907	-1.393414	-1.404922	-1.416430	-1.427937	-1.439445	-1.450953	-1.462460	-1.473968	-1.485476	-1.496983	-1.508491	-1.519999	-1.531506	-1.543014	-1.554522	-1.566029	-1.577537	-1.589044	-1.600552	-1.612060	-1.623567	-1.635075	-1.646583	-1.658090	-1.669598	-1.681106	-1.692613	-1.704121	-1.715629	-1.727136	-1.738644	-1.750152	-1.761659	-1.773167	-1.784675	-1.796182	-1.807690	-1.819198	-1.830705	-1.842213	-1.853720	-1.865228	-1.876736	-1.888243	-1.899751	-1.911259	-1.922766	-1.934274	-1.945782	-1.957289	-1.968797	-1.980305	-1.991812	
-0.285714	-0.285714	-0.285714	-0.285714	-0.285714	-0.285714	-0.285714	-0.285714	-0.285714	-0.285714	-0.285714	-0.294434	-0.305941	-0.317449	-0.328957	-0.340464	-0.351972	-0.363480	-0.374987	-0.386495	-0.398003	-0.409510	-0.421018	-0.432525	-0.444033	-0.455541	-0.467048	-0.478556	-0.490064	-0.501571	-0.513079	-0.524587	-0.536094	-0.547602	-0.559110	-0.570617	-0.582125	-0.593633	-0.605140	-0.616648	-0.628156	-0.639663	-0.651171	-0.662679	-0.674186	-0.685694	-0.697201	-0.708709	-0.720217	-0.731724	-0.743232	-0.754740	-0.766247	-0.777755	-0.789263	-0.800770	-0.812278	-0.823786	-0.835293	-0.846801	-0.858309	-0.869816	-0.881324	-0.892832	-0.904339	-0.915847	-0.927355	-0.938862	-0.950370	-0.961877	-0.973385	-0.984893	-0.996400	-1.007908	-1.019416	-1.030923	-1.042431	-1.053939	-1.065446	-1.076954	-1.088462	-1.099969	-1.111477	-1.122985	-1.134492	-1.146000	-1.157508	-1.169015	-1.180523	-1.192030	-1.203538	-1.215046	-1.226553	-1.238061	-1.249569	-1.261076	-1.272584	-1.284092	-1.295599	-1.307107	-1.318615	-1.330122	-1.341630	-1.353138	-1.364645	-1.376153	-1.387661	-1.399168	-1.410676	-1.422184	-1.433691	-1.445199	-1.456706	-1.468214	-1.479722	-1.491229	-1.502737	-1.514245	-1.525752	-1.537260	-1.548768	-1.560275	-1.571783	-1.583291	-1.594798	-1.606306	-1.617814	-1.629321	-1.640829	-1.652337	-1.663844	-1.675352	-1.686860	-1.698367	-1.709875	-1.721382	-1.732890	-1.744398	-1.755905	-1.767413	-1.778921	-1.790428	-1.801936	-1.813444	-1.824951	-1.836459	-1.847967	-1.859474	-1.870982	-1.882490	-1.893997	-1.905505	-1.917013	-1.928520	-1.940028	-1.951536	-1.963043	-1.974551	-1.986058	-1.997566	
-0.285714	-0.285714	-0.285714	-0.285714	-0.285714	-0.285714	-0.285714	-0.285714	-0.285714	-0.285714	-0.285714	-0.285714	-0.288680	-0.300187	-0.311695	-0.323203	-0.334710	-0.346218	-0.357726	-0.369233	-0.380741	-0.392249	-0.403756	-0.415264	-0.426772	-0.438279	-0.449787	-0.461295	-0.472802	-0.484310	-0.495818	-0.507325	-0.518833	-0.530341	-0.541848	-0.553356	-0.564863	-0.576371	-0.587879	-0.599386	-0.610894	-0.622402	-0.633909	-0.645417	-0.656925	-0.668432	-0.679940	-0.691448	-0.702955	-0.714463	-0.725971	-0.737478	-0.748986	-0.760494	-0.772001	-0.783509	-0.795017	-0.806524	-0.818032	-0.829539	-0.841047	-0.852555	-0.864062	-0.875570	-0.887078	-0.898585	-0.910093	-0.921601	-0.933108	-0.944616	-0.956124	-0.967631	-0.979139	-0.990647	-1.002154	-1.013662	-1.025170	-1.036677	-1.048185	-1.059692	-1.071200	-1.082708	-1.094215	-1.105723	-1.117231	-1.128738	-1.140246	-1.151754	-1.163261	-1.174769	-1.186277	-1.197784	-1.209292	-1.220800	-1.232307	-1.243815	-1.255323	-1.266830	-1.278338	-1.289846	-1.301353	-1.312861	-1.324368	-1.335876	-1.347384	-1.358891	-1.370399	-1.381907	-1.393414	-1.404922	-1.416430	-1.427937	-1.439445	-1.450953	-1.462460	-1.473968	-1.485476	-1.496983	-1.508491	-1.519999	-1.531506	-1.543014	-1.554522	-1.566029	-1.577537	-1.589044	-1.600552	-1.612060	-1.623567	-1.635075	-1.646583	-1.658090	-1.669598	-1.681106	-1.692613	-1.704121	-1.715629	-1.727136	-1.738644	-1.750152	-1.761659	-1.773167	-1.784675	-1.796182	-1.807690	-1.819198	-1.830705	-1.842213	-1.853720	-1.865228	-1.876736	-1.888243	-1.899751	-1.911259	-1.922766	-1.934274	-1.945782	-1.957289	-1.968797	-1.980305	-1.991812	
-0.285714	-0.285714	-0.285714	-0.285714	-0.285714	-0.285714	-0.285714	-0.285714	-0.285714	-0.285714	-0.285714	-0.285714	-0.285714	-0.285714	-0.294434	-0.305941	-0.317449	-0.328957	-0.340464	-0.351972	-0.363480	-0.374987	-0.386495	-0.398003	-0.409510	-0.421018	-0.432525	-0.444033	-0.455541	-0.467048	-0.478556	-0.490064	-0.501571	-0.513079	-0.524587	-0.536094	-0.547602	-0.559110	-0.570617	-0.582125	-0.593633	-0.605140	-0.616648	-0.628156	-0.639663	-0.651171	-0.662679	-0.674186	-0.685694	-0.697201	-0.708709	-0.720217	-0.731724	-0.743232	-0.754740	-0.766247	-0.777755	-0.789263	-0.800770	-0.812278	-0.823786	-0.835293	-0.846801	-0.858309	-0.869816	-0.881324	-0.892832	-0.904339	-0.915847	-0.927355	-0.938862	-0.950370	-0.961877	-0.973385	-0.984893	-0.996400	-1.007908	-1.019416	-1.030923	-1.042431	-1.053939	-1.065446	-1.076954	-1.088462	-1.099969	-1.111477	-1.122985	-1.134492	-1.146000	-1.157508	-1.169015	-1.180523	-1.192030	-1.203538	-1.215046	-1.226553	-1.238061	-1.249569	-1.261076	-1.272584	-1.284092	-1.295599	-1.307107	-1.318615	-1.330122	-1.341630	-1.353138	-1.364645	-1.376153	-1.387661	-1.399168	-1.410676	-1.422184	-1.433691	-1.445199	-1.456706	-1.468214	-1.479722	-1.491229	-1.502737	-1.514245	-1.525752	-1.537260	-1.548768	-1.560275	-1.571783	-1.583291	-1.594798	-1.606306	-1.617814	-1.629321	-1.640829	-1.652337	-1.663844	-1.675352	-1.686860	-1.698367	-1.709875	-1.721382	-1.732890	-1.744398	-1.755905	-1.767413	-1.778921	-1.790428	-1.801936	-1.813444	-1.824951	-1.836459	-1.847967	-1.859474	-1.870982	-1.882490	-1.893997	-1.905505	-1.917013	-1.928520	-1.940028	-1.951536	-1.963043	-1.974551	-1.986058	-1.997566	
-0.285714	-0.285714	-0.285714	-0.285714	-0.285714	-0.285714	-0.285714	-0.285714	-0.285714	-0.285714	-0.285714	-0.285714	-0.285714	-0.285714	-0.285714	-0.288680	-0.300187	-0.311695	-0.323203	-0.334710	-0.346218	-0.357726	-0.369233	-0.380741	-0.392249	-0.403756	-0.415264	-0.426772	-0.438279	-0.449787	-0.461295	-0.472802	-0.484310	-0.495818	-0.507325	-0.518833	-0.530341	-0.541848	-0.553356	-0.564863	-0.576371	-0.587879	-0.599386	-0.610894	-0.622402	-0.633909	-0.645417	-0.656925	-0.668432	-0.679940	-0.691448	-0.702955	-0.714463	-0.725971	-0.737478	-0.748986	-0.760494	-0.772001	-0.783509	-0.795017	-0.806524	-0.818032	-0.829539	-0.841047	-0.852555	-0.864062	-0.875570	-0.887078	-0.898585	-0.910093	-0.921601	-0.933108	-0.944616	-0.956124	-0.967631	-0.979139	-0.990647	-1.002154	-1.013662	-1.025170	-1.036677	-1.048185	-1.059692	-1.071200	-1.082708	-1.094215	-1.105723	-1.117231	-1.128738	-1.140246	-1.151754	-1.163261	-1.174769	-1.186277	-1.197784	-1.209292	-1.220800	-1.232307	-1.243815	-1.255323	-1.266830	-1.278338	-1.289846	-1.301353	-1.312861	-1.324368	-1.335876	-1.347384	-1.358891	-1.370399	-1.381907	-1.393414	-1.404922	-1.416430	-1.427937	-1.439445	-1.450953	-1.462460	-1.473968	-1.485476	-1.496983	-1.508491	-1.519999	-1.531506	-1.543014	-1.554522	-1.566029	-1.577537	-1.589044	-1.600552	-1.612060	-1.623567	-1.635075	-1.646583	-1.658090	-1.669598	-1.681106	-1.692613	-1.704121	-1.715629	-1.727136	-1.738644	-1.750152	-1.761659	-1.773167	-1.784675	-1.796182	-1.807690	-1.819198	-1.830705	-1.842213	-1.853720	-1.865228	-1.876736	-1.888243	-1.899751	-1.911259	-1.922766	-1.934274	-1.945782	-1.957289	-1.968797	-1.980305	-1.991812	
-0.285714	-0.285714	-0.285714	-0.285714	-0.285714	-0.285714	-0.285714	-0.285714	-0.285714	-0.285714	-0.285714	-0.285714	-0.285714	-0.285714	-0.285714	-0.285714	-0.285714	-0.294434	-0.305941	-0.317449	-0.328957	-0.340464	-0.351972	-0.363480	-0.374987	-0.386495	-0.398003	-0.409510	-0.421018	-0.432525	-0.444033	-0.455541	-0.467048	-0.478556	-0.490064	-0.501571	-0.513079	-0.524587	-0.536094	-0.547602	-0.559110	-0.570617	-0.582125	-0.593633	-0.605140	-0.616648	-0.628156	-0.639663	-0.651171	-0.662679	-0.674186	-0.685694	-0.697201	-0.708709	-0.720217	-0.731724	-0.743232	-0.754740	-0.766247	-0.777755	-0.789263	-0.800770	-0.812278	-0.823786	-0.835293	-0.846801	-0.858309	-0.869816	-0.881324	-0.892832	-0.904339	-0.915847	-0.927355	-0.938862	-0.950370	-0.961877	-0.973385	-0.984893	-0.996400	-1.007908	-1.019416	-1.030923	-1.042431	-1.053939	-1.065446	-1.076954	-1.088462	-1.099969	-1.111477	-1.122985	-1.134492	-1.146000	-1.157508	-1.169015	-1.180523	-1.192030	-1.203538	-1.215046	-1.226553	-1.238061	-1.249569	-1.261076	-1.272584	-1.284092	-1.295599	-1.307107	-1.318615	-1.330122	-1.341630	-1.353138	-1.364645	-1.376153	-1.387661	-1.399168	-1.410676	-1.422184	-1.433691	-1.445199	-1.456706	-1.468214	-1.479722	-1.491229	-1.502737	-1.514245	-1.525752	-1.537260	-1.548768	-1.560275	-1.571783	-1.583291	-1.594798	-1.606306	-1.617814	-1.629321	-1.640829	-1.652337	-1.663844	-1.675352	-1.686860	-1.698367	-1.709875	-1.721382	-1.732890	-1.744398	-1.755905	-1.767413	-1.778921	-1.790428	-1.801936	-1.813444	-1.824951	-1.836459	-1.847967	-1.859474	-1.870982	-1.882490	-1.893997	-1.905505	-1.917013	-1.928520	-1.940028	-1.951536	-1.963043	-1.974551	-1.986058	-1.997566	
-0.285714	-0.285714	-0.285714	-0.285714	-0.285714	-0.285714	-0.285714	-0.285714	-0.285714	-0.285714	-0.285714	-0.285714	-0.285714	-0.285714	-0.285714	-0.285714	-0.285714	-0.285714	-0.288680	-0.300187	-0.311695	-0.323203	-0.334710	-0.346218	-0.357726	-0.369233	-0.380741	-0.392249	-0.403756	-0.415264	-0.426772	-0.438279	-0.449787	-0.461295	-0.472802	-0.484310	-0.495818	-0.507325	-0.518833	-0.530341	-0.541848	-0.553356	-0.564863	-0.576371	-0.587879	-0.599386	-0.610894	-0.622402	-0.633909	-0.645417	-0.656925	-0.668432	-0.679940	-0.691448	-0.702955	-0.714463	-0.725971	-0.737478	-0.748986	-0.760494	-0.772001	-0.783509	-0.795017	-0.806524	-0.818032	-0.829539	-0.841047	-0.852555	-0.864062	-0.875570	-0.887078	-0.898585	-0.910093	-0.921601	-0.933108	-0.944616	-0.956124	-0.967631	-0.979139	-0.990647	-1.002154	-1.013662	-1.025170	-1.036677	-1.048185	-1.059692	-1.071200	-1.082708	-1.094215	-1.105723	-1.117231	-1.128738	-1.140246	-1.151754	-1.163261	-1.174769	-1.186277	-1.197784	-1.209292	-1.220800	-1.232307	-1.243815	-1.255323	-1.266830	-1.278338	-1.289846	-1.301353	-1.312861	-1.324368	-1.335876	-1.347384	-1.358891	-1.370399	-1.381907	-1.393414	-1.404922	-1.416430	-1.427937	-1.439445	-1.450953	-1.462460	-1.473968	-1.485476	-1.496983	-1.508491	-1.519999	-1.531506	-1.543014	-1.554522	-1.566029	-1.577537	-1.589044	-1.600552	-1.612060	-1.623567	-1.635075	-1.646583	-1.658090	-1.669598	-1.681106	-1.692613	-1.704121	-1.715629	-1.727136	-1.738644	-1.750152	-1.761659	-1.773167	-1.784675	-1.796182	-1.807690	-1.819198	-1.830705	-1.842213	-1.853720	-1.865228	-1.876736	-1.888243	-1.899751	-1.911259	-1.922766	-1.934274	-1.945782	-1.957289	-1.968797	-1.980305	-1.991812	
-0.285714	-0.285714	-0.285714	-0.285714	-0.285714	-0.285714	-0.285714	-0.285714	-0.285714	-0.285714	-0.285714	-0.285714	-0.285714	-0.285714	-0.285714	-0.285714	-0.285714	-0.285714	-0.285714	-0.285714	-0.294434	-0.305941	-0.317449	-0.328957	-0.340464	-0.351972	-0.363480	-0.374987	-0.386495	-0.398003	-0.409510	-0.421018	-0.432525	-0.444033	-0.455541	-0.467048	-0.478556	-0.490064	-0.501571	-0.513079	-0.524587	-0.536094	-0.547602	-0.559110	-0.570617	-0.582125	-0.593633	-0.605140	-0.616648	-0.628156	-0.639663	-0.651171	-0.662679	-0.674186	-0.685694	-0.697201	-0.708709	-0.720217	-0.731724	-0.743232	-0.754740	-0.766247	-0.777755	-0.789263	-0.800770	-0.812278	-0.823786	-0.835293	-0.846801	-0.858309	-0.869816	-0.881324	-0.892832	-0.904339	-0.915847	-0.927355	-0.938862	-0.950370	-0.961877	-0.973385	-0.984893	-0.996400	-1.007908	-1.019416	-1.030923	-1.042431	-1.053939	-1.065446	-1.076954	-1.088462	-1.099969	-1.111477	-1.122985	-1.134492	-1.146000	-1.157508	-1.169015	-1.180523	-1.192030	-1.203538	-1.215046	-1.226553	-1.238061	-1.249569	-1.261076	-1.272584	-1.284092	-1.295599	-1.307107	-1.318615	-1.330122	-1.341630	-1.353138	-1.364645	-1.376153	-1.387661	-1.399168	-1.410676	-1.422184	-1.433691	-1.445199	-1.456706	-1.468214	-1.479722	-1.491229	-1.502737	-1.514245	-1.525752	-1.537260	-1.548768	-1.560275	-1.571783	-1.583291	-1.594798	-1.606306	-1.617814	-1.629321	-1.640829	-1.652337	-1.663844	-1.675352	-1.686860	-1.698367	-1.709875	-1.721382	-1.732890	-1.744398	-1.755905	-1.767413	-1.778921	-1.790428	-1.801936	-1.813444	-1.824951	-1.836459	-1.847967	-1.859474	-1.870982	-1.882490	-1.893997	-1.905505	-1.917013	-1.928520	-1.940028	-1.951536	-1.963043	-1.974551	-1.986058	-1.997566	
-0.285714	-0.285714	-0.285714	-0.285714	-0.285714	-0.285714	-0.285714	-0.285714	-0.285714	-0.285714	-0.285714	-0.285714	-0.285714	-0.285714	-0.285714	-0.285714	-0.285714	-0.285714	-0.285714	-0.285714	-0.285714	-0.288680	-0.300187	-0.311695	-0.323203	-0.334710	-0.346218	-0.357726	-0.369233	-0.380741	-0.392249	-0.403756	-0.415264	-0.426772	-0.438279	-0.449787	-0.461295	-0.472802	-0.484310	-0.495818	-0.507325	-0.518833	-0.530341	-0.541848	-0.553356	-0.564863	-0.576371	-0.587879	-0.599386	-0.610894	-0.622402	-0.633909	-0.645417	-0.656925	-0.668432	-0.679940	-0.691448	-0.702955	-0.714463	-0.725971	-0.737478	-0.748986	-0.760494	-0.772001	-0.783509	-0.795017	-0.806524	-0.818032	-0.829539	-0.841047	-0.852555	-0.864062	-0.875570	-0.887078	-0.898585	-0.910093	-0.921601	-0.933108	-0.944616	-0.956124	-0.967631	-0.979139	-0.990647	-1.002154	-1.013662	-1.025170	-1.036677	-1.048185	-1.059692	-1.071200	-1.082708	-1.094215	-1.105723	-1.117231	-1.128738	-1.140246	-1.151754	-1.163261	-1.174769	-1.186277	-1.197784	-1.209292	-1.220800	-1.232307	-1.243815	-1.255323	-1.266830	-1.278338	-1.289846	-1.301353	-1.312861	-1.324368	-1.335876	-1.347384	-1.358891	-1.370399	-1.381907	-1.393414	-1.404922	-1.416430	-1.427937	-1.439445	-1.450953	-1.462460	-1.473968	-1.485476	-1.496983	-1.508491	-1.519999	-1.531506	-1.543014	-1.554522	-1.566029	-1.577537	-1.589044	-1.600552	-1.612060	-1.623567	-1.635075	-1.646583	-1.658090	-1.669598	-1.681106	-1.692613	-1.704121	-1.715629	-1.727136	-1.738644	-1.750152	-1.761659	-1.773167	-1.784675	-1.796182	-1.807690	-1.819198	-1.830705	-1.842213	-1.853720	-1.865228	-1.876736	-1.888243	-1.899751	-1.911259	-1.922766	-1.934274	-1.945782	-1.957289	-1.968797	-1.980305	-1.991812	
-0.285714	-0.285714	-0.285714	-0.285714	-0.285714	-0.285714	-0.285714	-0.285714	-0.285714	-0.285714	-0.285714	-0.285714	-0.285714	-0.285714	-0.285714	-0.285714	-0.285714	-0.285714	-0.285714	-0.285714	-0.285714	-0.285714	-0.285714	-0.294434	-0.305941	-0.317449	-0.328957	-0.340464	-0.351972	-0.363480	-0.374987	-0.386495	-0.398003	-0.409510	-0.421018	-0.432525	-0.444033	-0.455541	-0.467048	-0.478556	-0.490064	-0.501571	-0.513079	-0.524587	-0.536094	-0.547602	-0.559110	-0.570617	-0.582125	-0.593633	-0.605140	-0.616648	-0.628156	-0.639663	-0.651171	-0.662679	-0.674186	-0.685694	-0.697201	-0.708709	-0.720217	-0.731724	-0.743232	-0.754740	-0.766247	-0.777755	-0.789263	-0.800770	-0.812278	-0.823786	-0.835293	-0.846801	-0.858309	-0.869816	-0.881324	-0.892832	-0.904339	-0.915847	-0.927355	-0.938862	-0.950370	-0.961877	-0.973385	-0.984893	-0.996400	-1.007908	-1.019416	-1.030923	-1.042431	-1.053939	-1.065446	-1.076954	-1.088462	-1.099969	-1.111477	-1.122985	-1.134492	-1.146000	-1.157508	-1.169015	-1.180523	-1.192030	-1.203538	-1.215046	-1.226553	-1.238061	-1.249569	-1.261076	-1.272584	-1.284092	-1.295599	-1.307107	-1.318615	-1.330122	-1.341630	-1.353138	-1.364645	-1.376153	-1.387661	-1.399168	-1.410676	-1.422184	-1.433691	-1.445199	-1.456706	-1.468214	-1.479722	-1.491229	-1.502737	-1.514245	-1.525752	-1.537260	-1.548768	-1.560275	-1.571783	-1.583291	-1.594798	-1.606306	-1.617814	-1.629321	-1.640829	-1.652337	-1.663844	-1.675352	-1.686860	-1.698367	-1.709875	-1.721382	-1.732890	-1.744398	-1.755905	-1.767413	-1.778921	-1.790428	-1.801936	-1.813444	-1.824951	-1.836459	-1.847967	-1.859474	-1.870982	-1.882490	-1.893997	-1.905505	-1.917013	-1.928520	-1.940028	-1.951536	-1.963043	-1.974551	-1.986058	-1.997566	
-0.285714	-0.285714	-0.285714	-0.285714	-0.285714	-0.285714	-0.285714	-0.285714	-0.285714	-0.285714	-0.285714	-0.285714	-0.285714	-0.285714	-0.285714	-0.285714	-0.285714	-0.285714	-0.285714	-0.285714	-0.285714	-0.285714	-0.285714	-0.285714	-0.288680	-0.300187	-0.311695	-0.323203	-0.334710	-0.346218	-0.357726	-0.369233	-0.380741	-0.392249	-0.403756	-0.415264	-0.426772	-0.438279	-0.449787	-0.461295	-0.472802	-0.484310	-0.495818	-0.507325	-0.518833	-0.530341	-0.541848	-0.553356	-0.564863	-0.576371	-0.587879	-0.599386	-0.610894	-0.622402	-0.633909	-0.645417	-0.656925	-0.668432	-0.679940	-0.691448	-0.702955	-0.714463	-0.725971	-0.737478	-0.748986	-0.760494	-0.772001	-0.783509	-0.795017	-0.806524	-0.818032	-0.829539	-0.841047	-0.852555	-0.864062	-0.875570	-0.887078	-0.898585	-0.910093	-0.921601	-0.933108	-0.944616	-0.956124	-0.967631	-0.979139	-0.990647	-1.002154	-1.013662	-1.025170	-1.036677	-1.048185	-1.059692	-1.071200	-1.082708	-1.094215	-1.105723	-1.117231	-1.128738	-1.140246	-1.151754	-1.163261	-1.174769	-1.186277	-1.197784	-1.209292	-1.220800	-1.232307	-1.243815	-1.255323	-1.266830	-1.278338	-1.289846	-1.301353	-1.312861	-1.324368	-1.335876	-1.347384	-1.358891	-1.370399	-1.381907	-1.393414	-1.404922	-1.416430	-1.427937	-1.439445	-1.450953	-1.462460	-1.473968	-1.485476	-1.496983	-1.508491	-1.519999	-1.531506	-1.543014	-1.554522	-1.566029	-1.577537	-1.589044	-1.600552	-1.612060	-1.623567	-1.635075	-1.646583	-1.658090	-1.669598	-1.681106	-1.692613	-1.704121	-1.715629	-1.727136	-1.738644	-1.750152	-1.761659	-1.773167	-1.784675	-1.796182	-1.807690	-1.819198	-1.830705	-1.842213	-1.853720	-1.865228	-1.876736	-1.888243	-1.899751	-1.911259	-1.922766	-1.934274	-1.945782	-1.957289	-1.968797	-1.980305	-1.991812	
-0.285714	-0.285714	-0.285714	-0.285714	-0.285714	-0.285714	-0.285714	-0.285714	-0.285714	-0.285714	-0.285714	-0.285714	-0.285714	-0.285714	-0.285714	-0.285714	-0.285714	-0.285714	-0.285714	-0.285714	-0.285714	-0.285714	-0.285714	-0.285714	-0.285714	-0.285714	-0.294434	-0.305941	-0.317449	-0.328957	-0.340464	-0.351972	-0.363480	-0.374987	-0.386495	-0.398003	-0.409510	-0.421018	-0.432525	-0.444033	-0.455541	-0.467048	-0.478556	-0.490064	-0.501571	-0.513079	-0.524587	-0.536094	-0.547602	-0.559110	-0.570617	-0.582125	-0.593633	-0.605140	-0.616648	-0.628156	-0.639663	-0.651171	-0.662679	-0.674186	-0.685694	-0.697201	-0.708709	-0.720217	-0.731724	-0.743232	-0.754740	-0.766247	-0.777755	-0.789263	-0.800770	-0.812278	-0.823786	-0.835293	-0.846801	-0.858309	-0.869816	-0.881324	-0.892832	-0.904339	-0.915847	-0.927355	-0.938862	-0.950370	-0.961877	-0.973385	-0.984893	-0.996400	-1.007908	-1.019416	-1.030923	-1.042431	-1.053939	-1.065446	-1.076954	-1.088462	-1.099969	-1.111477	-1.122985	-1.134492	-1.146000	-1.157508	-1.169015	-1.180523	-1.192030	-1.203538	-1.215046	-1.226553	-1.238061	-1.249569	-1.261076	-1.272584	-1.284092	-1.295599	-1.307107	-1.318615	-1.330122	-1.341630	-1.353138	-1.364645	-1.376153	-1.387661	-1.399168	-1.410676	-1.422184	-1.433691	-1.445199	-1.456706	-1.468214	-1.479722	-1.491229	-1.502737	-1.514245	-1.525752	-1.537260	-1.548768	-1.560275	-1.571783	-1.583291	-1.594798	-1.606306	-1.617814	-1.629321	-1.640829	-1.652337	-1.663844	-1.675352	-1.686860	-1.698367	-1.709875	-1.721382	-1.732890	-1.744398	-1.755905	-1.767413	-1.778921	-1.790428	-1.801936	-1.813444	-1.824951	-1.836459	-1.847967	-1.859474	-1.870982	-1.882490	-1.893997	-1.905505	-1.917013	-1.928520	-1.940028	-1.951536	-1.963043	-1.974551	-1.986058	-1.997566	
-0.285714	-0.285714	-0.285714	-0.285714	-0.285714	-0.285714	-0.285714	-0.285714	-0.285714	-0.285714	-0.285714	-0.285714	-0.285714	-0.285714	-0.285714	-0.285714	-0.285714	-0.285714	-0.285714	-0.285714	-0.285714	-0.285714	-0.285714	-0.285714	-0.285714	-0.285714	-0.285714	-0.288680	-0.300187	-0.311695	-0.323203	-0.334710	-0.346218	-0.357726	-0.369233	-0.380741	-0.392249	-0.403756	-0.415264	-0.426772	-0.438279	-0.449787	-0.461295	-0.472802	-0.484310	-0.495818	-0.507325	-0.518833	-0.530341	-0.541848	-0.553356	-0.564863	-0.576371	-0.587879	-0.599386	-0.610894	-0.622402	-0.633909	-0.645417	-0.656925	-0.668432	-0.679940	-0.691448	-0.702955	-0.714463	-0.725971	-0.737478	-0.748986	-0.760494	-0.772001	-0.783509	-0.795017	-0.806524	-0.818032	-0.829539	-0.841047	-0.852555	-0.864062	-0.875570	-0.887078	-0.898585	-0.910093	-0.921601	-0.933108	-0.944616	-0.956124	-0.967631	-0.979139	-0.990647	-1.002154	-1.013662	-1.025170	-1.036677	-1.048185	-1.059692	-1.071200	-1.082708	-1.094215	-1.105723	-1.117231	-1.128738	-1.140246	-1.151754	-1.163261	-1.174769	-1.186277	-1.197784	-1.209292	-1.220800	-1.232307	-1.243815	-1.255323	-1.266830	-1.278338	-1.289846	-1.301353	-1.312861	-1.324368	-1.335876	-1.347384	-1.358891	-1.370399	-1.381907	-1.393414	-1.404922	-1.416430	-1.427937	-1.439445	-1.450953	-1.462460	-1.473968	-1.485476	-1.496983	-1.508491	-1.519999	-1.531506	-1.543014	-1.554522	-1.566029	-1.577537	-1.589044	-1.600552	-1.612060	-1.623567	-1.635075	-1.646583	-1.658090	-1.669598	-1.681106	-1.692613	-1.704121	-1.715629	-1.727136	-1.738644	-1.750152	-1.761659	-1.773167	-1.784675	-1.796182	-1.807690	-1.819198	-1.830705	-1.842213	-1.853720	-1.865228	-1.876736	-1.888243	-1.899751	-1.911259	-1.922766	-1.934274	-1.945782	-1.957289	-1.968797	-1.980305	-1.991812	
-0.285714	-0.285714	-0.285714	-0.285714	-0.285714	-0.285714	-0.285714	-0.285714	-0.285714	-0.285714	-0.285714	-0.285714	-0.285714	-0.285714	-0.285714	-0.285714	-0.285714	-0.285714	-0.285714	-0.285714	-0.285714	-0.285714	-0.285714	-0.285714	-0.285714	-0.285714	-0.285714	-0.285714	-0.285714	-0.294434	-0.305941	-0.317449	-0.328957	-0.340464	-0.351972	-0.363480	-0.374987	-0.386495	-0.398003	-0.409510	-0.421018	-0.432525	-0.444033	-0.455541	-0.467048	-0.478556	-0.490064	-0.501571	-0.513079	-0.524587	-0.536094	-0.547602	-0.559110	-0.570617	-0.582125	-0.593633	-0.605140	-0.616648	-0.628156	-0.639663	-0.651171	-0.662679	-0.674186	-0.685694	-0.697201	-0.708709	-0.720217	-0.731724	-0.743232	-0.754740	-0.766247	-0.777755	-0.789263	-0.800770	-0.812278	-0.823786	-0.835293	-0.846801	-0.858309	-0.869816	-0.881324	-0.892832	-0.904339	-0.915847	-0.927355	-0.938862	-0.950370	-0.961877	-0.973385	-0.984893	-0.996400	-1.007908	-1.019416	-1.030923	-1.042431	-1.053939	-1.065446	-1.076954	-1.088462	-1.099969	-1.111477	-1.122985	-1.134492	-1.146000	-1.157508	-1.169015	-1.180523	-1.192030	-1.203538	-1.215046	-1.226553	-1.238061	-1.249569	-1.261076	-1.272584	-1.284092	-1.295599	-1.307107	-1.318615	-1.330122	-1.341630	-1.353138	-1.364645	-1.376153	-1.387661	-1.399168	-1.410676	-1.422184	-1.433691	-1.445199	-1.456706	-1.468214	-1.479722	-1.491229	-1.502737	-1.514245	-1.525752	-1.537260	-1.548768	-1.560275	-1.571783	-1.583291	-1.594798	-1.606306	-1.617814	-1.629321	-1.640829	-1.652337	-1.663844	-1.675352	-1.686860	-1.698367	-1.709875	-1.721382	-1.732890	-1.744398	-1.755905	-1.767413	-1.778921	-1.790428	-1.801936	-1.813444	-1.824951	-1.836459	-1.847967	-1.859474	-1.870982	-1.882490	-1.893997	-1.905505	-1.917013	-1.928520	-1.940028	-1.951536	-1.963043	-1.974551	-1.986058	-1.997566	
-0.285714	-0.285714	-0.285714	-0.285714	-0.285714	-0.285714	-0.285714	-0.285714	-0.285714	-0.285714	-0.285714	-0.285714	-0.285714	-0.285714	-0.285714	-0.285714	-0.285714	-0.285714	-0.285714	-0.285714	-0.285714	-0.285714	-0.285714	-0.285714	-0.285714	-0.285714	-0.285714	-0.285714	-0.285714	-0.285714	-0.288680	-0.300187	-0.311695	-0.323203	-0.334710	-0.346218	-0.357726	-0.369233	-0.380741	-0.392249	-0.403756	-0.415264	-0.426772	-0.438279	-0.449787	-0.461295	-0.472802	-0.484310	-0.495818	-0.507325	-0.518833	-0.530341	-0.541848	-0.553356	-0.564863	-0.576371	-0.587879	-0.599386	-0.610894	-0.622402	-0.633909	-0.645417	-0.656925	-0.668432	-0.679940	-0.691448	-0.702955	-0.714463	-0.725971	-0.737478	-0.748986	-0.760494	-0.772001	-0.783509	-0.795017	-0.806524	-0.818032	-0.829539	-0.841047	-0.852555	-0.864062	-0.875570	-0.887078	-0.898585	-0.910093	-0.921601	-0.933108	-0.944616	-0.956124	-0.967631	-0.979139	-0.990647	-1.002154	-1.013662	-1.025170	-1.036677	-1.048185	-1.059692	-1.071200	-1.082708	-1.094215	-1.105723	-1.117231	-1.128738	-1.140246	-1.151754	-1.163261	-1.174769	-1.186277	-1.197784	-1.209292	-1.220800	-1.232307	-1.243815	-1.255323	-1.266830	-1.278338	-1.289846	-1.301353	-1.312861	-1.324368	-1.335876	-1.347384	-1.358891	-1.370399	-1.381907	-1.393414	-1.404922	-1.416430	-1.427937	-1.439445	-1.450953	-1.462460	-1.473968	-1.485476	-1.496983	-1.508491	-1.519999	-1.531506	-1.543014	-1.554522	-1.566029	-1.577537	-1.589044	-1.600552	-1.612060	-1.623567	-1.635075	-1.646583	-1.658090	-1.669598	-1.681106	-1.692613	-1.704121	-1.715629	-1.727136	-1.738644	-1.750152	-1.761659	-1.773167	-1.784675	-1.796182	-1.807690	-1.819198	-1.830705	-1.842213	-1.853720	-1.865228	-1.876736	-1.888243	-1.899751	-1.911259	-1.922766	-1.934274	-1.945782	-1.957289	-1.968797	-1.980305	-1.991812	
-0.285714	-0.285714	-0.285714	-0.285714	-0.285714	-0.285714	-0.285714	-0.285714	-0.285714	-0.285714	-0.285714	-0.285714	-0.285714	-0.285714	-0.285714	-0.285714	-0.285714	-0.285714	-0.285714	-0.285714	-0.285714	-0.285714	-0.285714	-0.285714	-0.285714	-0.285714	-0.285714	-0.285714	-0.285714	-0.285714	-0.285714	-0.285714	-0.294434	-0.305941	-0.317449	-0.328957	-0.340464	-0.351972	-0.363480	-0.374987	-0.386495	-0.398003	-0.409510	-0.421018	-0.432525	-0.444033	-0.455541	-0.467048	-0.478556	-0.490064	-0.501571	-0.513079	-0.524587	-0.536094	-0.547602	-0.559110	-0.570617	-0.582125	-0.593633	-0.605140	-0.616648	-0.628156	-0.639663	-0.651171	-0.662679	-0.674186	-0.685694	-0.697201	-0.708709	-0.720217	-0.731724	-0.743232	-0.754740	-0.766247	-0.777755	-0.789263	-0.800770	-0.812278	-0.823786	-0.835293	-0.846801	-0.858309	-0.869816	-0.881324	-0.892832	-0.904339	-0.915847	-0.927355	-0.938862	-0.950370	-0.961877	-0.973385	-0.984893	-0.996400	-1.007908	-1.019416	-1.030923	-1.042431	-1.053939	-1.065446	-1.076954	-1.088462	-1.099969	-1.111477	-1.122985	-1.134492	-1.146000	-1.157508	-1.169015	-1.180523	-1.192030	-1.203538	-1.215046	-1.226553	-1.238061	-1.249569	-1.261076	-1.272584	-1.284092	-1.295599	-1.307107	-1.318615	-1.330122	-1.341630	-1.353138	-1.364645	-1.376153	-1.387661	-1.399168	-1.410676	-1.422184	-1.433691	-1.445199	-1.456706	-1.468214	-1.479722	-1.491229	-1.502737	-1.514245	-1.525752	-1.537260	-1.548768	-1.560275	-1.571783	-1.583291	-1.594798	-1.606306	-1.617814	-1.629321	-1.640829	-1.652337	-1.663844	-1.675352	-1.686860	-1.698367	-1.709875	-1.721382	-1.732890	-1.744398	-1.755905	-1.767413	-1.778921	-1.790428	-1.801936	-1.813444	-1.824951	-1.836459	-1.847967	-1.859474	-1.870982	-1.882490	-1.893997	-1.905505	-1.917013	-1.928520	-1.940028	-1.951536	-1.963043	-1.974551	-1.986058	-1.997566	
-0.285714	-0.285714	-0.285714	-0.285714	-0.285714	-0.285714	-0.285714	-0.285714	-0.285714	-0.285714	-0.285714	-0.285714	-0.285714	-0.285714	-0.285714	-0.285714	-0.285714	-0.285714	-0.285714	-0.285714	-0.285714	-0.285714	-0.285714	-0.285714	-0.285714	-0.285714	-0.285714	-0.285714	-0.285714	-0.285714	-0.285714	-0.285714	-0.285714	-0.288680	-0.300187	-0.311695	-0.323203	-0.334710	-0.346218	-0.357726	-0.369233	-0.380741	-0.392249	-0.403756	-0.415264	-0.426772	-0.438279	-0.449787	-0.461295	-0.472802	-0.484310	-0.495818	-0.507325	-0.518833	-0.530341	-0.541848	-0.553356	-0.564863	-0.576371	-0.587879	-0.599386	-0.610894	-0.622402	-0.633909	-0.645417	-0.656925	-0.668432	-0.679940	-0.691448	-0.702955	-0.714463	-0.725971	-0.737478	-0.748986	-0.760494	-0.772001	-0.783509	-0.795017	-0.806524	-0.818032	-0.829539	-0.841047	-0.852555	-0.864062	-0.875570	-0.887078	-0.898585	-0.910093	-0.921601	-0.933108	-0.944616	-0.956124	-0.967631	-0.979139	-0.990647	-1.002154	-1.013662	-1.025170	-1.036677	-1.048185	-1.059692	-1.071200	-1.082708	-1.094215	-1.105723	-1.117231	-1.128738	-1.140246	-1.151754	-1.163261	-1.174769	-1.186277	-1.197784	-1.209292	-1.220800	-1.232307	-1.243815	-1.255323	-1.266830	-1.278338	-1.289846	-1.301353	-1.312861	-1.324368	-1.335876	-1.347384	-1.358891	-1.370399	-1.381907	-1.393414	-1.404922	-1.416430	-1.427937	-1.439445	-1.450953	-1.462460	-1.473968	-1.485476	-1.496983	-1.508491	-1.519999	-1.531506	-1.543014	-1.554522	-1.566029	-1.577537	-1.589044	-1.600552	-1.612060	-1.623567	-1.635075	-1.646583	-1.658090	-1.669598	-1.681106	-1.692613	-1.704121	-1.715629	-1.727136	-1.738644	-1.750152	-1.761659	-1.773167	-1.784675	-1.796182	-1.807690	-1.819198	-1.830705	-1.842213	-1.853720	-1.865228	-1.876736	-1.888243	-1.899751	-1.911259	-1.922766	-1.934274	-1.945782	-1.957289	-1.968797	-1.980305	-1.991812	
-0.285714	-0.285714	-0.285714	-0.285714	-0.285714	-0.285714	-0.285714	-0.285714	-0.285714	-0.285714	-0.285714	-0.285714	-0.285714	-0.285714	-0.285714	-0.285714	-0.285714	-0.285714	-0.285714	-0.285714	-0.285714	-0.285714	-0.285714	-0.285714	-0.285714	-0.285714	-0.285714	-0.285714	-0.285714	-0.285714	-0.285714	-0.285714	-0.285714	-0.285714	-0.285714	-0.294434	-0.305941	-0.317449	-0.328957	-0.340464	-0.351972	-0.363480	-0.374987	-0.386495	-0.398003	-0.409510	-0.421018	-0.432525	-0.444033	-0.455541	-0.467048	-0.478556	-0.490064	-0.501571	-0.513079	-0.524587	-0.536094	-0.547602	-0.559110	-0.570617	-0.582125	-0.593633	-0.605140	-0.616648	-0.628156	-0.639663	-0.651171	-0.662679	-0.674186	-0.685694	-0.697201	-0.708709	-0.720217	-0.731724	-0.743232	-0.754740	-0.766247	-0.777755	-0.789263	-0.800770	-0.812278	-0.823786	-0.835293	-0.846801	-0.858309	-0.869816	-0.881324	-0.892832	-0.904339	-0.915847	-0.927355	-0.938862	-0.950370	-0.961877	-0.973385	-0.984893	-0.996400	-1.007908	-1.019416	-1.030923	-1.042431	-1.053939	-1.065446	-1.076954	-1.088462	-1.099969	-1.111477	-1.122985	-1.134492	-1.146000	-1.157508	-1.169015	-1.180523	-1.192030	-1.203538	-1.215046	-1.226553	-1.238061	-1.249569	-1.261076	-1.272584	-1.284092	-1.295599	-1.307107	-1.318615	-1.330122	-1.341630	-1.353138	-1.364645	-1.376153	-1.387661	-1.399168	-1.410676	-1.422184	-1.433691	-1.445199	-1.456706	-1.468214	-1.479722	-1.491229	-1.502737	-1.514245	-1.525752	-1.537260	-1.548768	-1.560275	-1.571783	-1.583291	-1.594798	-1.606306	-1.617814	-1.629321	-1.640829	-1.652337	-1.663844	-1.675352	-1.686860	-1.698367	-1.709875	-1.721382	-1.732890	-1.744398	-1.755905	-1.767413	-1.778921	-1.790428	-1.801936	-1.813444	-1.824951	-1.836459	-1.847967	-1.859474	-1.870982	-1.882490	-1.893997	-1.905505	-1.917013	-1.928520	-1.940028	-1.951536	-1.963043	-1.974551	-1.986058	-1.997566	
-0.285714	-0.285714	-0.285714	-0.285714	-0.285714	-0.285714	-0.285714	-0.285714	-0.285714	-0.285714	-0.285714	-0.285714	-0.285714	-0.285714	-0.285714	-0.285714	-0.285714	-0.285714	-0.285714	-0.285714	-0.285714	-0.285714	-0.285714	-0.285714	-0.285714	-0.285714	-0.285714	-0.285714	-0.285714	-0.285714	-0.285714	-0.285714	-0.285714	-0.285714	-0.285714	-0.285714	-0.288680	-0.300187	-0.311695	-0.323203	-0.334710	-0.346218	-0.357726	-0.369233	-0.380741	-0.392249	-0.403756	-0.415264	-0.426772	-0.438279	-0.449787	-0.461295	-0.472802	-0.484310	-0.495818	-0.507325	-0.518833	-0.530341	-0.541848	-0.553356	-0.564863	-0.576371	-0.587879	-0.599386	-0.610894	-0.622402	-0.633909	-0.645417	-0.656925	-0.668432	-0.679940	-0.691448	-0.702955	-0.714463	-0.725971	-0.737478	-0.748986	-0.760494	-0.772001	-0.783509	-0.795017	-0.806524	-0.818032	-0.829539	-0.841047	-0.852555	-0.864062	-0.875570	-0.887078	-0.898585	-0.910093	-0.921601	-0.933108	-0.944616	-0.956124	-0.967631	-0.979139	-0.990647	-1.002154	-1.013662	-1.025170	-1.036677	-1.048185	-1.059692	-1.071200	-1.082708	-1.094215	-1.105723	-1.117231	-1.128738	-1.140246	-1.151754	-1.163261	-1.174769	-1.186277	-1.197784	-1.209292	-1.220800	-1.232307	-1.243815	-1.255323	-1.266830	-1.278338	-1.289846	-1.301353	-1.312861	-1.324368	-1.335876	-1.347384	-1.358891	-1.370399	-1.381907	-1.393414	-1.404922	-1.416430	-1.427937	-1.439445	-1.450953	-1.462460	-1.473968	-1.485476	-1.496983	-1.508491	-1.519999	-1.531506	-1.543014	-1.554522	-1.566029	-1.577537	-1.589044	-1.600552	-1.612060	-1.623567	-1.635075	-1.646583	-1.658090	-1.669598	-1.681106	-1.692613	-1.704121	-1.715629	-1.727136	-1.738644	-1.750152	-1.761659	-1.773167	-1.784675	-1.796182	-1.807690	-1.819198	-1.830705	-1.842213	-1.853720	-1.865228	-1.876736	-1.888243	-1.899751	-1.911259	-1.922766	-1.934274	-1.945782	-1.957289	-1.968797	-1.980305	-1.991812	
-0.285714	-0.285714	-0.285714	-0.285714	-0.285714	-0.285714	-0.285714	-0.285714	-0.285714	-0.285714	-0.285714	-0.285714	-0.285714	-0.285714	-0.285714	-0.285714	-0.285714	-0.285714	-0.285714	-0.285714	-0.285714	-0.285714	-0.285714	-0.285714	-0.285714	-0.285714	-0.285714	-0.285714	-0.285714	-0.285714	-0.285714	-0.285714	-0.285714	-0.285714	-0.285714	-0.285714	-0.285714	-0.285714	-0.294434	-0.305941	-0.317449	-0.328957	-0.340464	-0.351972	-0.363480	-0.374987	-0.386495	-0.398003	-0.409510	-0.421018	-0.432525	-0.444033	-0.455541	-0.467048	-0.478556	-0.490064	-0.501571	-0.513079	-0.524587	-0.536094	-0.547602	-0.559110	-0.570617	-0.582125	-0.593633	-0.605140	-0.616648	-0.628156	-0.639663	-0.651171	-0.662679	-0.674186	-0.685694	-0.697201	-0.708709	-0.720217	-0.731724	-0.743232	-0.754740	-0.766247	-0.777755	-0.789263	-0.800770	-0.812278	-0.823786	-0.835293	-0.846801	-0.858309	-0.869816	-0.881324	-0.892832	-0.904339	-0.915847	-0.927355	-0.938862	-0.950370	-0.961877	-0.973385	-0.984893	-0.996400	-1.007908	-1.019416	-1.030923	-1.042431	-1.053939	-1.065446	-1.076954	-1.088462	-1.099969	-1.111477	-1.122985	-1.134492	-1.146000	-1.157508	-1.169015	-1.180523	-1.192030	-1.203538	-1.215046	-1.226553	-1.238061	-1.249569	-1.261076	-1.272584	-1.284092	-1.295599	-1.307107	-1.318615	-1.330122	-1.341630	-1.353138	-1.364645	-1.376153	-1.387661	-1.399168	-1.410676	-1.422184	-1.433691	-1.445199	-1.456706	-1.468214	-1.479722	-1.491229	-1.502737	-1.514245	-1.525752	-1.537260	-1.548768	-1.560275	-1.571783	-1.583291	-1.594798	-1.606306	-1.617814	-1.629321	-1.640829	-1.652337	-1.663844	-1.675352	-1.686860	-1.698367	-1.709875	-1.721382	-1.732890	-1.744398	-1.755905	-1.767413	-1.778921	-1.790428	-1.801936	-1.813444	-1.824951	-1.836459	-1.847967	-1.859474	-1.870982	-1.882490	-1.893997	-1.905505	-1.917013	-1.928520	-1.940028	-1.951536	-1.963043	-1.974551	-1.986058	-1.997566	


























































































































































































































































