

































































































































0.993220	
0.993220	0.993220	
0.993220	0.993220	0.993220	
0.993220	0.993220	0.993220	0.993220	
0.993220	0.993220	0.993220	0.993220	0.993220	
0.993220	0.993220	0.993220	0.993220	0.993220	0.993220	
0.993220	0.993220	0.993220	0.993220	0.993220	0.993220	0.993220	
0.993220	0.993220	0.993220	0.993220	0.993220	0.993220	0.993220	0.993220	
0.993220	0.993220	0.993220	0.993220	0.993220	0.993220	0.993220	0.993220	0.993220	
0.993220	0.993220	0.993220	0.993220	0.993220	0.993220	0.993220	0.993220	0.993220	0.993220	
0.993220	0.993220	0.993220	0.993220	0.993220	0.993220	0.993220	0.993220	0.993220	0.993220	0.993220	
0.993220	0.993220	0.993220	0.993220	0.993220	0.993220	0.993220	0.993220	0.993220	0.993220	0.993220	0.993220	
0.993220	0.993220	0.993220	0.993220	0.993220	0.993220	0.993220	0.993220	0.993220	0.993220	0.993220	0.993220	0.993220	
0.993220	0.993220	0.993220	0.993220	0.993220	0.993220	0.993220	0.993220	0.993220	0.993220	0.993220	0.993220	0.993220	0.993220	
0.993220	0.993220	0.993220	0.993220	0.993220	0.993220	0.993220	0.993220	0.993220	0.993220	0.993220	0.993220	0.993220	0.993220	0.993220	
0.993220	0.993220	0.993220	0.993220	0.993220	0.993220	0.993220	0.993220	0.993220	0.993220	0.993220	0.993220	0.993220	0.993220	0.993220	0.993220	
0.993220	0.993220	0.993220	0.993220	0.993220	0.993220	0.993220	0.993220	0.993220	0.993220	0.993220	0.993220	0.993220	0.993220	0.993220	0.993220	0.993220	
0.993220	0.993220	0.993220	0.993220	0.993220	0.993220	0.993220	0.993220	0.993220	0.993220	0.993220	0.993220	0.993220	0.993220	0.993220	0.993220	0.993220	0.993220	
0.993220	0.993220	0.993220	0.993220	0.993220	0.993220	0.993220	0.993220	0.993220	0.993220	0.993220	0.993220	0.993220	0.993220	0.993220	0.993220	0.993220	0.993220	0.993220	0.932203	
0.993220	0.993220	0.993220	0.993220	0.993220	0.993220	0.993220	0.993220	0.993220	0.993220	0.993220	0.993220	0.993220	0.993220	0.993220	0.993220	0.993220	0.993220	0.993220	0.993220	0.932203	0.932203	
0.993220	0.993220	0.993220	0.993220	0.993220	0.993220	0.993220	0.993220	0.993220	0.993220	0.993220	0.993220	0.993220	0.993220	0.993220	0.993220	0.993220	0.993220	0.993220	0.993220	0.993220	0.966102	0.932203	0.932203	0.932203	
0.993220	0.993220	0.993220	0.993220	0.993220	0.993220	0.993220	0.993220	0.993220	0.993220	0.993220	0.993220	0.993220	0.993220	0.993220	0.993220	0.993220	0.993220	0.993220	0.993220	0.993220	0.993220	0.966102	0.966102	0.932203	0.932203	0.932203	0.932203	
0.993220	0.993220	0.993220	0.993220	0.993220	0.993220	0.993220	0.993220	0.993220	0.993220	0.993220	0.993220	0.993220	0.993220	0.993220	0.993220	0.993220	0.993220	0.993220	0.993220	0.993220	0.993220	0.993220	0.966102	0.966102	0.966102	0.932203	0.932203	0.932203	0.932203	0.932203	
0.993220	0.993220	0.993220	0.993220	0.993220	0.993220	0.993220	0.993220	0.993220	0.993220	0.993220	0.993220	0.993220	0.993220	0.993220	0.993220	0.993220	0.993220	0.993220	0.993220	0.993220	0.993220	0.993220	0.993220	0.966102	0.966102	0.966102	0.966102	0.932203	0.932203	0.932203	0.932203	0.932203	0.932203	
0.993220	0.993220	0.993220	0.993220	0.993220	0.993220	0.993220	0.993220	0.993220	0.993220	0.993220	0.993220	0.993220	0.993220	0.993220	0.993220	0.993220	0.993220	0.993220	0.993220	0.993220	0.993220	0.993220	0.993220	0.993220	0.966102	0.966102	0.966102	0.966102	0.966102	0.932203	0.932203	0.932203	0.932203	0.932203	0.932203	0.932203	
0.993220	0.993220	0.993220	0.993220	0.993220	0.993220	0.993220	0.993220	0.993220	0.993220	0.993220	0.993220	0.993220	0.993220	0.993220	0.993220	0.993220	0.993220	0.993220	0.993220	0.993220	0.993220	0.993220	0.993220	0.993220	0.993220	0.966102	0.966102	0.966102	0.966102	0.966102	0.966102	0.932203	0.932203	0.932203	0.932203	0.932203	0.932203	0.932203	0.932203	
0.993220	0.993220	0.993220	0.993220	0.993220	0.993220	0.993220	0.993220	0.993220	0.993220	0.993220	0.993220	0.993220	0.993220	0.993220	0.993220	0.993220	0.993220	0.993220	0.993220	0.993220	0.993220	0.993220	0.993220	0.993220	0.993220	0.993220	0.966102	0.966102	0.966102	0.966102	0.966102	0.966102	0.966102	0.932203	0.932203	0.932203	0.932203	0.932203	0.932203	0.932203	0.932203	0.932203	
0.993220	0.993220	0.993220	0.993220	0.993220	0.993220	0.993220	0.993220	0.993220	0.993220	0.993220	0.993220	0.993220	0.993220	0.993220	0.993220	0.993220	0.993220	0.993220	0.993220	0.993220	0.993220	0.993220	0.993220	0.993220	0.993220	0.993220	0.993220	0.966102	0.966102	0.966102	0.966102	0.966102	0.966102	0.966102	0.966102	0.932203	0.932203	0.932203	0.932203	0.932203	0.932203	0.932203	0.932203	0.932203	0.932203	
0.993220	0.993220	0.993220	0.993220	0.993220	0.993220	0.993220	0.993220	0.993220	0.993220	0.993220	0.993220	0.993220	0.993220	0.993220	0.993220	0.993220	0.993220	0.993220	0.993220	0.993220	0.993220	0.993220	0.993220	0.993220	0.993220	0.993220	0.993220	0.993220	0.966102	0.966102	0.966102	0.966102	0.966102	0.966102	0.966102	0.966102	0.966102	0.932203	0.932203	0.932203	0.932203	0.932203	0.932203	0.932203	0.932203	0.932203	0.932203	0.932203	
0.993220	0.993220	0.993220	0.993220	0.993220	0.993220	0.993220	0.993220	0.993220	0.993220	0.993220	0.993220	0.993220	0.993220	0.993220	0.993220	0.993220	0.993220	0.993220	0.993220	0.993220	0.993220	0.993220	0.993220	0.993220	0.993220	0.993220	0.993220	0.993220	0.993220	0.966102	0.966102	0.966102	0.966102	0.966102	0.966102	0.966102	0.966102	0.966102	0.966102	0.932203	0.932203	0.932203	0.932203	0.932203	0.932203	0.932203	0.932203	0.932203	0.932203	0.932203	0.932203	
0.993220	0.993220	0.993220	0.993220	0.993220	0.993220	0.993220	0.993220	0.993220	0.993220	0.993220	0.993220	0.993220	0.993220	0.993220	0.993220	0.993220	0.993220	0.993220	0.993220	0.993220	0.993220	0.993220	0.993220	0.993220	0.993220	0.993220	0.993220	0.993220	0.993220	0.993220	0.966102	0.966102	0.966102	0.966102	0.966102	0.966102	0.966102	0.966102	0.966102	0.966102	0.966102	0.932203	0.932203	0.932203	0.932203	0.932203	0.932203	0.932203	0.932203	0.932203	0.932203	0.932203	0.932203	0.932203	
0.993220	0.993220	0.993220	0.993220	0.993220	0.993220	0.993220	0.993220	0.993220	0.993220	0.993220	0.993220	0.993220	0.993220	0.993220	0.993220	0.993220	0.993220	0.993220	0.993220	0.993220	0.993220	0.993220	0.993220	0.993220	0.993220	0.993220	0.993220	0.993220	0.993220	0.993220	0.993220	0.966102	0.966102	0.966102	0.966102	0.966102	0.966102	0.966102	0.966102	0.966102	0.966102	0.966102	0.966102	0.932203	0.932203	0.932203	0.932203	0.932203	0.932203	0.932203	0.932203	0.932203	0.932203	0.932203	0.932203	0.932203	0.932203	
0.993220	0.993220	0.993220	0.993220	0.993220	0.993220	0.993220	0.993220	0.993220	0.993220	0.993220	0.993220	0.993220	0.993220	0.993220	0.993220	0.993220	0.993220	0.993220	0.993220	0.993220	0.993220	0.993220	0.993220	0.993220	0.993220	0.993220	0.993220	0.993220	0.993220	0.993220	0.993220	0.993220	0.966102	0.966102	0.966102	0.966102	0.966102	0.966102	0.966102	0.966102	0.966102	0.966102	0.966102	0.966102	0.966102	0.932203	0.932203	0.932203	0.932203	0.932203	0.932203	0.932203	0.932203	0.932203	0.932203	0.932203	0.932203	0.932203	0.932203	0.932203	
0.993220	0.993220	0.993220	0.993220	0.993220	0.993220	0.993220	0.993220	0.993220	0.993220	0.993220	0.993220	0.993220	0.993220	0.993220	0.993220	0.993220	0.993220	0.993220	0.993220	0.993220	0.993220	0.993220	0.993220	0.993220	0.993220	0.993220	0.993220	0.993220	0.993220	0.993220	0.993220	0.993220	0.993220	0.966102	0.966102	0.966102	0.966102	0.966102	0.966102	0.966102	0.966102	0.966102	0.966102	0.966102	0.966102	0.966102	0.966102	0.932203	0.932203	0.932203	0.932203	0.932203	0.932203	0.932203	0.932203	0.932203	0.932203	0.932203	0.932203	0.932203	0.932203	0.932203	0.932203	
0.993220	0.993220	0.993220	0.993220	0.993220	0.993220	0.993220	0.993220	0.993220	0.993220	0.993220	0.993220	0.993220	0.993220	0.993220	0.993220	0.993220	0.993220	0.993220	0.993220	0.993220	0.993220	0.993220	0.993220	0.993220	0.993220	0.993220	0.993220	0.993220	0.993220	0.993220	0.993220	0.993220	0.993220	0.993220	0.966102	0.966102	0.966102	0.966102	0.966102	0.966102	0.966102	0.966102	0.966102	0.966102	0.966102	0.966102	0.966102	0.966102	0.966102	0.932203	0.932203	0.932203	0.932203	0.932203	0.932203	0.932203	0.932203	0.932203	0.932203	0.932203	0.932203	0.932203	0.932203	0.932203	0.932203	0.932203	
0.993220	0.993220	0.993220	0.993220	0.993220	0.993220	0.993220	0.993220	0.993220	0.993220	0.993220	0.993220	0.993220	0.993220	0.993220	0.993220	0.993220	0.993220	0.993220	0.993220	0.993220	0.993220	0.993220	0.993220	0.993220	0.993220	0.993220	0.993220	0.993220	0.993220	0.993220	0.993220	0.993220	0.993220	0.993220	0.993220	0.966102	0.966102	0.966102	0.966102	0.966102	0.966102	0.966102	0.966102	0.966102	0.966102	0.966102	0.966102	0.966102	0.966102	0.966102	0.966102	0.932203	0.932203	0.932203	0.932203	0.932203	0.932203	0.932203	0.932203	0.932203	0.932203	0.932203	0.932203	0.932203	0.932203	0.932203	0.932203	0.932203	0.932203	
0.993220	0.993220	0.993220	0.993220	0.993220	0.993220	0.993220	0.993220	0.993220	0.993220	0.993220	0.993220	0.993220	0.993220	0.993220	0.993220	0.993220	0.993220	0.993220	0.993220	0.993220	0.993220	0.993220	0.993220	0.993220	0.993220	0.993220	0.993220	0.993220	0.993220	0.993220	0.993220	0.993220	0.993220	0.993220	0.993220	0.993220	0.966102	0.966102	0.966102	0.966102	0.966102	0.966102	0.966102	0.966102	0.966102	0.966102	0.966102	0.966102	0.966102	0.966102	0.966102	0.966102	0.966102	0.932203	0.932203	0.932203	0.932203	0.932203	0.932203	0.932203	0.932203	0.932203	0.932203	0.932203	0.932203	0.932203	0.932203	0.932203	0.932203	0.932203	0.932203	0.932203	
0.993220	0.993220	0.993220	0.993220	0.993220	0.993220	0.993220	0.993220	0.993220	0.993220	0.993220	0.993220	0.993220	0.993220	0.993220	0.993220	0.993220	0.993220	0.993220	0.993220	0.993220	0.993220	0.993220	0.993220	0.993220	0.993220	0.993220	0.993220	0.993220	0.993220	0.993220	0.993220	0.993220	0.993220	0.993220	0.993220	0.993220	0.993220	0.966102	0.966102	0.966102	0.966102	0.966102	0.966102	0.966102	0.966102	0.966102	0.966102	0.966102	0.966102	0.966102	0.966102	0.966102	0.966102	0.966102	0.966102	0.932203	0.932203	0.932203	0.932203	0.932203	0.932203	0.932203	0.932203	0.932203	0.932203	0.932203	0.932203	0.932203	0.932203	0.932203	0.932203	0.932203	0.932203	0.932203	0.932203	
0.993220	0.993220	0.993220	0.993220	0.993220	0.993220	0.993220	0.993220	0.993220	0.993220	0.993220	0.993220	0.993220	0.993220	0.993220	0.993220	0.993220	0.993220	0.993220	0.993220	0.993220	0.993220	0.993220	0.993220	0.993220	0.993220	0.993220	0.993220	0.993220	0.993220	0.993220	0.993220	0.993220	0.993220	0.993220	0.993220	0.993220	0.993220	0.993220	0.966102	0.966102	0.966102	0.966102	0.966102	0.966102	0.966102	0.966102	0.966102	0.966102	0.966102	0.966102	0.966102	0.966102	0.966102	0.966102	0.966102	0.966102	0.966102	0.932203	0.932203	0.932203	0.932203	0.932203	0.932203	0.932203	0.932203	0.932203	0.932203	0.932203	0.932203	0.932203	0.932203	0.932203	0.932203	0.932203	0.932203	0.932203	0.932203	0.932203	
0.993220	0.993220	0.993220	0.993220	0.993220	0.993220	0.993220	0.993220	0.993220	0.993220	0.993220	0.993220	0.993220	0.993220	0.993220	0.993220	0.993220	0.993220	0.993220	0.993220	0.993220	0.993220	0.993220	0.993220	0.993220	0.993220	0.993220	0.993220	0.993220	0.993220	0.993220	0.993220	0.993220	0.993220	0.993220	0.993220	0.993220	0.993220	0.993220	0.993220	0.966102	0.966102	0.966102	0.966102	0.966102	0.966102	0.966102	0.966102	0.966102	0.966102	0.966102	0.966102	0.966102	0.966102	0.966102	0.966102	0.966102	0.966102	0.966102	0.966102	0.932203	0.932203	0.932203	0.932203	0.932203	0.932203	0.932203	0.932203	0.932203	0.932203	0.932203	0.932203	0.932203	0.932203	0.932203	0.932203	0.932203	0.932203	0.932203	0.932203	0.932203	0.932203	
0.993220	0.993220	0.993220	0.993220	0.993220	0.993220	0.993220	0.993220	0.993220	0.993220	0.993220	0.993220	0.993220	0.993220	0.993220	0.993220	0.993220	0.993220	0.993220	0.993220	0.993220	0.993220	0.993220	0.993220	0.993220	0.993220	0.993220	0.993220	0.993220	0.993220	0.993220	0.993220	0.993220	0.993220	0.993220	0.993220	0.993220	0.993220	0.993220	0.993220	0.993220	0.966102	0.966102	0.966102	0.966102	0.966102	0.966102	0.966102	0.966102	0.966102	0.966102	0.966102	0.966102	0.966102	0.966102	0.966102	0.966102	0.966102	0.966102	0.966102	0.966102	0.966102	0.932203	0.932203	0.932203	0.932203	0.932203	0.932203	0.932203	0.932203	0.932203	0.932203	0.932203	0.932203	0.932203	0.932203	0.932203	0.932203	0.932203	0.932203	0.932203	0.932203	0.932203	0.932203	0.932203	
0.993220	0.993220	0.993220	0.993220	0.993220	0.993220	0.993220	0.993220	0.993220	0.993220	0.993220	0.993220	0.993220	0.993220	0.993220	0.993220	0.993220	0.993220	0.993220	0.993220	0.993220	0.993220	0.993220	0.993220	0.993220	0.993220	0.993220	0.993220	0.993220	0.993220	0.993220	0.993220	0.993220	0.993220	0.993220	0.993220	0.993220	0.993220	0.993220	0.993220	0.993220	0.993220	0.966102	0.966102	0.966102	0.966102	0.966102	0.966102	0.966102	0.966102	0.966102	0.966102	0.966102	0.966102	0.966102	0.966102	0.966102	0.966102	0.966102	0.966102	0.966102	0.966102	0.966102	0.966102	0.932203	0.932203	0.932203	0.932203	0.932203	0.932203	0.932203	0.932203	0.932203	0.932203	0.932203	0.932203	0.932203	0.932203	0.932203	0.932203	0.932203	0.932203	0.932203	0.932203	0.932203	0.932203	0.932203	0.932203	
0.993220	0.993220	0.993220	0.993220	0.993220	0.993220	0.993220	0.993220	0.993220	0.993220	0.993220	0.993220	0.993220	0.993220	0.993220	0.993220	0.993220	0.993220	0.993220	0.993220	0.993220	0.993220	0.993220	0.993220	0.993220	0.993220	0.993220	0.993220	0.993220	0.993220	0.993220	0.993220	0.993220	0.993220	0.993220	0.993220	0.993220	0.993220	0.993220	0.993220	0.993220	0.993220	0.993220	0.966102	0.966102	0.966102	0.966102	0.966102	0.966102	0.966102	0.966102	0.966102	0.966102	0.966102	0.966102	0.966102	0.966102	0.966102	0.966102	0.966102	0.966102	0.966102	0.966102	0.966102	0.966102	0.966102	0.932203	0.932203	0.932203	0.932203	0.932203	0.932203	0.932203	0.932203	0.932203	0.932203	0.932203	0.932203	0.932203	0.932203	0.932203	0.932203	0.932203	0.932203	0.932203	0.932203	0.932203	0.932203	0.932203	0.932203	0.932203	
0.993220	0.993220	0.993220	0.993220	0.993220	0.993220	0.993220	0.993220	0.993220	0.993220	0.993220	0.993220	0.993220	0.993220	0.993220	0.993220	0.993220	0.993220	0.993220	0.993220	0.993220	0.993220	0.993220	0.993220	0.993220	0.993220	0.993220	0.993220	0.993220	0.993220	0.993220	0.993220	0.993220	0.993220	0.993220	0.993220	0.993220	0.993220	0.993220	0.993220	0.993220	0.993220	0.993220	0.993220	0.966102	0.966102	0.966102	0.966102	0.966102	0.966102	0.966102	0.966102	0.966102	0.966102	0.966102	0.966102	0.966102	0.966102	0.966102	0.966102	0.966102	0.966102	0.966102	0.966102	0.966102	0.966102	0.966102	0.966102	0.932203	0.932203	0.932203	0.932203	0.932203	0.932203	0.932203	0.932203	0.932203	0.932203	0.932203	0.932203	0.932203	0.932203	0.932203	0.932203	0.932203	0.932203	0.932203	0.932203	0.932203	0.932203	0.932203	0.932203	0.932203	0.932203	
0.993220	0.993220	0.993220	0.993220	0.993220	0.993220	0.993220	0.993220	0.993220	0.993220	0.993220	0.993220	0.993220	0.993220	0.993220	0.993220	0.993220	0.993220	0.993220	0.993220	0.993220	0.993220	0.993220	0.993220	0.993220	0.993220	0.993220	0.993220	0.993220	0.993220	0.993220	0.993220	0.993220	0.993220	0.993220	0.993220	0.993220	0.993220	0.993220	0.993220	0.993220	0.993220	0.993220	0.993220	0.993220	0.966102	0.966102	0.966102	0.966102	0.966102	0.966102	0.966102	0.966102	0.966102	0.966102	0.966102	0.966102	0.966102	0.966102	0.966102	0.966102	0.966102	0.966102	0.966102	0.966102	0.966102	0.966102	0.966102	0.966102	0.966102	0.932203	0.932203	0.932203	0.932203	0.932203	0.932203	0.932203	0.932203	0.932203	0.932203	0.932203	0.932203	0.932203	0.932203	0.932203	0.932203	0.932203	0.932203	0.932203	0.932203	0.932203	0.932203	0.932203	0.932203	0.932203	0.932203	0.932203	
0.993220	0.993220	0.993220	0.993220	0.993220	0.993220	0.993220	0.993220	0.993220	0.993220	0.993220	0.993220	0.993220	0.993220	0.993220	0.993220	0.993220	0.993220	0.993220	0.993220	0.993220	0.993220	0.993220	0.993220	0.993220	0.993220	0.993220	0.993220	0.993220	0.993220	0.993220	0.993220	0.993220	0.993220	0.993220	0.993220	0.993220	0.993220	0.993220	0.993220	0.993220	0.993220	0.993220	0.993220	0.993220	0.993220	0.966102	0.966102	0.966102	0.966102	0.966102	0.966102	0.966102	0.966102	0.966102	0.966102	0.966102	0.966102	0.966102	0.966102	0.966102	0.966102	0.966102	0.966102	0.966102	0.966102	0.966102	0.966102	0.966102	0.966102	0.932203	0.932203	0.932203	0.932203	0.932203	0.932203	0.932203	0.932203	0.932203	0.932203	0.932203	0.932203	0.932203	0.932203	0.932203	0.932203	0.932203	0.932203	0.932203	0.932203	0.932203	0.932203	0.932203	0.932203	0.932203	0.932203	0.932203	0.932203	
0.993220	0.993220	0.993220	0.993220	0.993220	0.993220	0.993220	0.993220	0.993220	0.993220	0.993220	0.993220	0.993220	0.993220	0.993220	0.993220	0.993220	0.993220	0.993220	0.993220	0.993220	0.993220	0.993220	0.993220	0.993220	0.993220	0.993220	0.993220	0.993220	0.993220	0.993220	0.993220	0.993220	0.993220	0.993220	0.993220	0.993220	0.993220	0.993220	0.993220	0.993220	0.993220	0.993220	0.993220	0.993220	0.993220	0.993220	0.966102	0.966102	0.966102	0.966102	0.966102	0.966102	0.966102	0.966102	0.966102	0.966102	0.966102	0.966102	0.966102	0.966102	0.966102	0.966102	0.966102	0.966102	0.966102	0.966102	0.966102	0.966102	0.966102	0.932203	0.932203	0.932203	0.932203	0.932203	0.932203	0.932203	0.932203	0.932203	0.932203	0.932203	0.932203	0.932203	0.932203	0.932203	0.932203	0.932203	0.932203	0.932203	0.932203	0.932203	0.932203	0.932203	0.932203	0.932203	0.932203	0.932203	0.932203	0.932203	
0.993220	0.993220	0.993220	0.993220	0.993220	0.993220	0.993220	0.993220	0.993220	0.993220	0.993220	0.993220	0.993220	0.993220	0.993220	0.993220	0.993220	0.993220	0.993220	0.993220	0.993220	0.993220	0.993220	0.993220	0.993220	0.993220	0.993220	0.993220	0.993220	0.993220	0.993220	0.993220	0.993220	0.993220	0.993220	0.993220	0.993220	0.993220	0.993220	0.993220	0.993220	0.993220	0.993220	0.993220	0.993220	0.993220	0.993220	0.993220	0.966102	0.966102	0.966102	0.966102	0.966102	0.966102	0.966102	0.966102	0.966102	0.966102	0.966102	0.966102	0.966102	0.966102	0.966102	0.966102	0.966102	0.966102	0.966102	0.966102	0.966102	0.966102	0.932203	0.932203	0.932203	0.932203	0.932203	0.932203	0.932203	0.932203	0.932203	0.932203	0.932203	0.932203	0.932203	0.932203	0.932203	0.932203	0.932203	0.932203	0.932203	0.932203	0.932203	0.932203	0.932203	0.932203	0.932203	0.932203	0.932203	0.932203	0.932203	0.932203	
0.993220	0.993220	0.993220	0.993220	0.993220	0.993220	0.993220	0.993220	0.993220	0.993220	0.993220	0.993220	0.993220	0.993220	0.993220	0.993220	0.993220	0.993220	0.993220	0.993220	0.993220	0.993220	0.993220	0.993220	0.993220	0.993220	0.993220	0.993220	0.993220	0.993220	0.993220	0.993220	0.993220	0.993220	0.993220	0.993220	0.993220	0.993220	0.993220	0.993220	0.993220	0.993220	0.993220	0.993220	0.993220	0.993220	0.993220	0.993220	0.993220	0.966102	0.966102	0.966102	0.966102	0.966102	0.966102	0.966102	0.966102	0.966102	0.966102	0.966102	0.966102	0.966102	0.966102	0.966102	0.966102	0.966102	0.966102	0.966102	0.966102	0.966102	0.932203	0.932203	0.932203	0.932203	0.932203	0.932203	0.932203	0.932203	0.932203	0.932203	0.932203	0.932203	0.932203	0.932203	0.932203	0.932203	0.932203	0.932203	0.932203	0.932203	0.932203	0.932203	0.932203	0.932203	0.932203	0.932203	0.932203	0.932203	0.932203	0.932203	0.932203	
0.993220	0.993220	0.993220	0.993220	0.993220	0.993220	0.993220	0.993220	0.993220	0.993220	0.993220	0.993220	0.993220	0.993220	0.993220	0.993220	0.993220	0.993220	0.993220	0.993220	0.993220	0.993220	0.993220	0.993220	0.993220	0.993220	0.993220	0.993220	0.993220	0.993220	0.993220	0.993220	0.993220	0.993220	0.993220	0.993220	0.993220	0.993220	0.993220	0.993220	0.993220	0.993220	0.993220	0.993220	0.993220	0.993220	0.993220	0.993220	0.993220	0.993220	0.966102	0.966102	0.966102	0.966102	0.966102	0.966102	0.966102	0.966102	0.966102	0.966102	0.966102	0.966102	0.966102	0.966102	0.966102	0.966102	0.966102	0.966102	0.966102	0.966102	0.932203	0.932203	0.932203	0.932203	0.932203	0.932203	0.932203	0.932203	0.932203	0.932203	0.932203	0.932203	0.932203	0.932203	0.932203	0.932203	0.932203	0.932203	0.932203	0.932203	0.932203	0.932203	0.932203	0.932203	0.932203	0.932203	0.932203	0.932203	0.932203	0.932203	0.932203	0.932203	
0.993220	0.993220	0.993220	0.993220	0.993220	0.993220	0.993220	0.993220	0.993220	0.993220	0.993220	0.993220	0.993220	0.993220	0.993220	0.993220	0.993220	0.993220	0.993220	0.993220	0.993220	0.993220	0.993220	0.993220	0.993220	0.993220	0.993220	0.993220	0.993220	0.993220	0.993220	0.993220	0.993220	0.993220	0.993220	0.993220	0.993220	0.993220	0.993220	0.993220	0.993220	0.993220	0.993220	0.993220	0.993220	0.993220	0.993220	0.993220	0.993220	0.993220	0.993220	0.966102	0.966102	0.966102	0.966102	0.966102	0.966102	0.966102	0.966102	0.966102	0.966102	0.966102	0.966102	0.966102	0.966102	0.966102	0.966102	0.966102	0.966102	0.966102	0.932203	0.932203	0.932203	0.932203	0.932203	0.932203	0.932203	0.932203	0.932203	0.932203	0.932203	0.932203	0.932203	0.932203	0.932203	0.932203	0.932203	0.932203	0.932203	0.932203	0.932203	0.932203	0.932203	0.932203	0.932203	0.932203	0.932203	0.932203	0.932203	0.932203	0.932203	0.932203	0.932203	
0.993220	0.993220	0.993220	0.993220	0.993220	0.993220	0.993220	0.993220	0.993220	0.993220	0.993220	0.993220	0.993220	0.993220	0.993220	0.993220	0.993220	0.993220	0.993220	0.993220	0.993220	0.993220	0.993220	0.993220	0.993220	0.993220	0.993220	0.993220	0.993220	0.993220	0.993220	0.993220	0.993220	0.993220	0.993220	0.993220	0.993220	0.993220	0.993220	0.993220	0.993220	0.993220	0.993220	0.993220	0.993220	0.993220	0.993220	0.993220	0.993220	0.993220	0.993220	0.993220	0.966102	0.966102	0.966102	0.966102	0.966102	0.966102	0.966102	0.966102	0.966102	0.966102	0.966102	0.966102	0.966102	0.966102	0.966102	0.966102	0.966102	0.966102	0.932203	0.932203	0.932203	0.932203	0.932203	0.932203	0.932203	0.932203	0.932203	0.932203	0.932203	0.932203	0.932203	0.932203	0.932203	0.932203	0.932203	0.932203	0.932203	0.932203	0.932203	0.932203	0.932203	0.932203	0.932203	0.932203	0.932203	0.932203	0.932203	0.932203	0.932203	0.932203	0.932203	0.932203	
0.993220	0.993220	0.993220	0.993220	0.993220	0.993220	0.993220	0.993220	0.993220	0.993220	0.993220	0.993220	0.993220	0.993220	0.993220	0.993220	0.993220	0.993220	0.993220	0.993220	0.993220	0.993220	0.993220	0.993220	0.993220	0.993220	0.993220	0.993220	0.993220	0.993220	0.993220	0.993220	0.993220	0.993220	0.993220	0.993220	0.993220	0.993220	0.993220	0.993220	0.993220	0.993220	0.993220	0.993220	0.993220	0.993220	0.993220	0.993220	0.993220	0.993220	0.993220	0.993220	0.993220	0.966102	0.966102	0.966102	0.966102	0.966102	0.966102	0.966102	0.966102	0.966102	0.966102	0.966102	0.966102	0.966102	0.966102	0.966102	0.966102	0.966102	0.932203	0.932203	0.932203	0.932203	0.932203	0.932203	0.932203	0.932203	0.932203	0.932203	0.932203	0.932203	0.932203	0.932203	0.932203	0.932203	0.932203	0.932203	0.932203	0.932203	0.932203	0.932203	0.932203	0.932203	0.932203	0.932203	0.932203	0.932203	0.932203	0.932203	0.932203	0.932203	0.932203	0.932203	0.932203	
0.993220	0.993220	0.993220	0.993220	0.993220	0.993220	0.993220	0.993220	0.993220	0.993220	0.993220	0.993220	0.993220	0.993220	0.993220	0.993220	0.993220	0.993220	0.993220	0.993220	0.993220	0.993220	0.993220	0.993220	0.993220	0.993220	0.993220	0.993220	0.993220	0.993220	0.993220	0.993220	0.993220	0.993220	0.993220	0.993220	0.993220	0.993220	0.993220	0.993220	0.993220	0.993220	0.993220	0.993220	0.993220	0.993220	0.993220	0.993220	0.993220	0.993220	0.993220	0.993220	0.993220	0.993220	0.966102	0.966102	0.966102	0.966102	0.966102	0.966102	0.966102	0.966102	0.966102	0.966102	0.966102	0.966102	0.966102	0.966102	0.966102	0.966102	0.932203	0.932203	0.932203	0.932203	0.932203	0.932203	0.932203	0.932203	0.932203	0.932203	0.932203	0.932203	0.932203	0.932203	0.932203	0.932203	0.932203	0.932203	0.932203	0.932203	0.932203	0.932203	0.932203	0.932203	0.932203	0.932203	0.932203	0.932203	0.932203	0.932203	0.932203	0.932203	0.932203	0.932203	0.932203	0.932203	
0.993220	0.993220	0.993220	0.993220	0.993220	0.993220	0.993220	0.993220	0.993220	0.993220	0.993220	0.993220	0.993220	0.993220	0.993220	0.993220	0.993220	0.993220	0.993220	0.993220	0.993220	0.993220	0.993220	0.993220	0.993220	0.993220	0.993220	0.993220	0.993220	0.993220	0.993220	0.993220	0.993220	0.993220	0.993220	0.993220	0.993220	0.993220	0.993220	0.993220	0.993220	0.993220	0.993220	0.993220	0.993220	0.993220	0.993220	0.993220	0.993220	0.993220	0.993220	0.993220	0.993220	0.993220	0.993220	0.966102	0.966102	0.966102	0.966102	0.966102	0.966102	0.966102	0.966102	0.966102	0.966102	0.966102	0.966102	0.966102	0.966102	0.966102	0.932203	0.932203	0.932203	0.932203	0.932203	0.932203	0.932203	0.932203	0.932203	0.932203	0.932203	0.932203	0.932203	0.932203	0.932203	0.932203	0.932203	0.932203	0.932203	0.932203	0.932203	0.932203	0.932203	0.932203	0.932203	0.932203	0.932203	0.932203	0.932203	0.932203	0.932203	0.932203	0.932203	0.932203	0.932203	0.932203	0.932203	
0.993220	0.993220	0.993220	0.993220	0.993220	0.993220	0.993220	0.993220	0.993220	0.993220	0.993220	0.993220	0.993220	0.993220	0.993220	0.993220	0.993220	0.993220	0.993220	0.993220	0.993220	0.993220	0.993220	0.993220	0.993220	0.993220	0.993220	0.993220	0.993220	0.993220	0.993220	0.993220	0.993220	0.993220	0.993220	0.993220	0.993220	0.993220	0.993220	0.993220	0.993220	0.993220	0.993220	0.993220	0.993220	0.993220	0.993220	0.993220	0.993220	0.993220	0.993220	0.993220	0.993220	0.993220	0.993220	0.993220	0.966102	0.966102	0.966102	0.966102	0.966102	0.966102	0.966102	0.966102	0.966102	0.966102	0.966102	0.966102	0.966102	0.966102	0.932203	0.932203	0.932203	0.932203	0.932203	0.932203	0.932203	0.932203	0.932203	0.932203	0.932203	0.932203	0.932203	0.932203	0.932203	0.932203	0.932203	0.932203	0.932203	0.932203	0.932203	0.932203	0.932203	0.932203	0.932203	0.932203	0.932203	0.932203	0.932203	0.932203	0.932203	0.932203	0.932203	0.932203	0.932203	0.932203	0.932203	0.932203	
0.993220	0.993220	0.993220	0.993220	0.993220	0.993220	0.993220	0.993220	0.993220	0.993220	0.993220	0.993220	0.993220	0.993220	0.993220	0.993220	0.993220	0.993220	0.993220	0.993220	0.993220	0.993220	0.993220	0.993220	0.993220	0.993220	0.993220	0.993220	0.993220	0.993220	0.993220	0.993220	0.993220	0.993220	0.993220	0.993220	0.993220	0.993220	0.993220	0.993220	0.993220	0.993220	0.993220	0.993220	0.993220	0.993220	0.993220	0.993220	0.993220	0.993220	0.993220	0.993220	0.993220	0.993220	0.993220	0.993220	0.993220	0.966102	0.966102	0.966102	0.966102	0.966102	0.966102	0.966102	0.966102	0.966102	0.966102	0.966102	0.966102	0.966102	0.932203	0.932203	0.932203	0.932203	0.932203	0.932203	0.932203	0.932203	0.932203	0.932203	0.932203	0.932203	0.932203	0.932203	0.932203	0.932203	0.932203	0.932203	0.932203	0.932203	0.932203	0.932203	0.932203	0.932203	0.932203	0.932203	0.932203	0.932203	0.932203	0.932203	0.932203	0.932203	0.932203	0.932203	0.932203	0.932203	0.932203	0.932203	0.932203	
0.993220	0.993220	0.993220	0.993220	0.993220	0.993220	0.993220	0.993220	0.993220	0.993220	0.993220	0.993220	0.993220	0.993220	0.993220	0.993220	0.993220	0.993220	0.993220	0.993220	0.993220	0.993220	0.993220	0.993220	0.993220	0.993220	0.993220	0.993220	0.993220	0.993220	0.993220	0.993220	0.993220	0.993220	0.993220	0.993220	0.993220	0.993220	0.993220	0.993220	0.993220	0.993220	0.993220	0.993220	0.993220	0.993220	0.993220	0.993220	0.993220	0.993220	0.993220	0.993220	0.993220	0.993220	0.993220	0.993220	0.993220	0.993220	0.966102	0.966102	0.966102	0.966102	0.966102	0.966102	0.966102	0.966102	0.966102	0.966102	0.966102	0.966102	0.932203	0.932203	0.932203	0.932203	0.932203	0.932203	0.932203	0.932203	0.932203	0.932203	0.932203	0.932203	0.932203	0.932203	0.932203	0.932203	0.932203	0.932203	0.932203	0.932203	0.932203	0.932203	0.932203	0.932203	0.932203	0.932203	0.932203	0.932203	0.932203	0.932203	0.932203	0.932203	0.932203	0.932203	0.932203	0.932203	0.932203	0.932203	0.932203	0.932203	
0.993220	0.993220	0.993220	0.993220	0.993220	0.993220	0.993220	0.993220	0.993220	0.993220	0.993220	0.993220	0.993220	0.993220	0.993220	0.993220	0.993220	0.993220	0.993220	0.993220	0.993220	0.993220	0.993220	0.993220	0.993220	0.993220	0.993220	0.993220	0.993220	0.993220	0.993220	0.993220	0.993220	0.993220	0.993220	0.993220	0.993220	0.993220	0.993220	0.993220	0.993220	0.993220	0.993220	0.993220	0.993220	0.993220	0.993220	0.993220	0.993220	0.993220	0.993220	0.993220	0.993220	0.993220	0.993220	0.993220	0.993220	0.993220	0.993220	0.966102	0.966102	0.966102	0.966102	0.966102	0.966102	0.966102	0.966102	0.966102	0.966102	0.966102	0.932203	0.932203	0.932203	0.932203	0.932203	0.932203	0.932203	0.932203	0.932203	0.932203	0.932203	0.932203	0.932203	0.932203	0.932203	0.932203	0.932203	0.932203	0.932203	0.932203	0.932203	0.932203	0.932203	0.932203	0.932203	0.932203	0.932203	0.932203	0.932203	0.932203	0.932203	0.932203	0.932203	0.932203	0.932203	0.932203	0.932203	0.932203	0.932203	0.932203	0.932203	
0.993220	0.993220	0.993220	0.993220	0.993220	0.993220	0.993220	0.993220	0.993220	0.993220	0.993220	0.993220	0.993220	0.993220	0.993220	0.993220	0.993220	0.993220	0.993220	0.993220	0.993220	0.993220	0.993220	0.993220	0.993220	0.993220	0.993220	0.993220	0.993220	0.993220	0.993220	0.993220	0.993220	0.993220	0.993220	0.993220	0.993220	0.993220	0.993220	0.993220	0.993220	0.993220	0.993220	0.993220	0.993220	0.993220	0.993220	0.993220	0.993220	0.993220	0.993220	0.993220	0.993220	0.993220	0.993220	0.993220	0.993220	0.993220	0.993220	0.993220	0.966102	0.966102	0.966102	0.966102	0.966102	0.966102	0.966102	0.966102	0.966102	0.966102	0.932203	0.932203	0.932203	0.932203	0.932203	0.932203	0.932203	0.932203	0.932203	0.932203	0.932203	0.932203	0.932203	0.932203	0.932203	0.932203	0.932203	0.932203	0.932203	0.932203	0.932203	0.932203	0.932203	0.932203	0.932203	0.932203	0.932203	0.932203	0.932203	0.932203	0.932203	0.932203	0.932203	0.932203	0.932203	0.932203	0.932203	0.932203	0.932203	0.932203	0.932203	0.932203	
0.993220	0.993220	0.993220	0.993220	0.993220	0.993220	0.993220	0.993220	0.993220	0.993220	0.993220	0.993220	0.993220	0.993220	0.993220	0.993220	0.993220	0.993220	0.993220	0.993220	0.993220	0.993220	0.993220	0.993220	0.993220	0.993220	0.993220	0.993220	0.993220	0.993220	0.993220	0.993220	0.993220	0.993220	0.993220	0.993220	0.993220	0.993220	0.993220	0.993220	0.993220	0.993220	0.993220	0.993220	0.993220	0.993220	0.993220	0.993220	0.993220	0.993220	0.993220	0.993220	0.993220	0.993220	0.993220	0.993220	0.993220	0.993220	0.993220	0.993220	0.993220	0.966102	0.966102	0.966102	0.966102	0.966102	0.966102	0.966102	0.966102	0.966102	0.932203	0.932203	0.932203	0.932203	0.932203	0.932203	0.932203	0.932203	0.932203	0.932203	0.932203	0.932203	0.932203	0.932203	0.932203	0.932203	0.932203	0.932203	0.932203	0.932203	0.932203	0.932203	0.932203	0.932203	0.932203	0.932203	0.932203	0.932203	0.932203	0.932203	0.932203	0.932203	0.932203	0.932203	0.932203	0.932203	0.932203	0.932203	0.932203	0.932203	0.932203	0.932203	0.932203	
0.993220	0.993220	0.993220	0.993220	0.993220	0.993220	0.993220	0.993220	0.993220	0.993220	0.993220	0.993220	0.993220	0.993220	0.993220	0.993220	0.993220	0.993220	0.993220	0.993220	0.993220	0.993220	0.993220	0.993220	0.993220	0.993220	0.993220	0.993220	0.993220	0.993220	0.993220	0.993220	0.993220	0.993220	0.993220	0.993220	0.993220	0.993220	0.993220	0.993220	0.993220	0.993220	0.993220	0.993220	0.993220	0.993220	0.993220	0.993220	0.993220	0.993220	0.993220	0.993220	0.993220	0.993220	0.993220	0.993220	0.993220	0.993220	0.993220	0.993220	0.993220	0.993220	0.966102	0.966102	0.966102	0.966102	0.966102	0.966102	0.966102	0.966102	0.932203	0.932203	0.932203	0.932203	0.932203	0.932203	0.932203	0.932203	0.932203	0.932203	0.932203	0.932203	0.932203	0.932203	0.932203	0.932203	0.932203	0.932203	0.932203	0.932203	0.932203	0.932203	0.932203	0.932203	0.932203	0.932203	0.932203	0.932203	0.932203	0.932203	0.932203	0.932203	0.932203	0.932203	0.932203	0.932203	0.932203	0.932203	0.932203	0.932203	0.932203	0.932203	0.932203	0.932203	
0.993220	0.993220	0.993220	0.993220	0.993220	0.993220	0.993220	0.993220	0.993220	0.993220	0.993220	0.993220	0.993220	0.993220	0.993220	0.993220	0.993220	0.993220	0.993220	0.993220	0.993220	0.993220	0.993220	0.993220	0.993220	0.993220	0.993220	0.993220	0.993220	0.993220	0.993220	0.993220	0.993220	0.993220	0.993220	0.993220	0.993220	0.993220	0.993220	0.993220	0.993220	0.993220	0.993220	0.993220	0.993220	0.993220	0.993220	0.993220	0.993220	0.993220	0.993220	0.993220	0.993220	0.993220	0.993220	0.993220	0.993220	0.993220	0.993220	0.993220	0.993220	0.993220	0.993220	0.966102	0.966102	0.966102	0.966102	0.966102	0.966102	0.966102	0.932203	0.932203	0.932203	0.932203	0.932203	0.932203	0.932203	0.932203	0.932203	0.932203	0.932203	0.932203	0.932203	0.932203	0.932203	0.932203	0.932203	0.932203	0.932203	0.932203	0.932203	0.932203	0.932203	0.932203	0.932203	0.932203	0.932203	0.932203	0.932203	0.932203	0.932203	0.932203	0.932203	0.932203	0.932203	0.932203	0.932203	0.932203	0.932203	0.932203	0.932203	0.932203	0.932203	0.932203	0.932203	
0.993220	0.993220	0.993220	0.993220	0.993220	0.993220	0.993220	0.993220	0.993220	0.993220	0.993220	0.993220	0.993220	0.993220	0.993220	0.993220	0.993220	0.993220	0.993220	0.993220	0.993220	0.993220	0.993220	0.993220	0.993220	0.993220	0.993220	0.993220	0.993220	0.993220	0.993220	0.993220	0.993220	0.993220	0.993220	0.993220	0.993220	0.993220	0.993220	0.993220	0.993220	0.993220	0.993220	0.993220	0.993220	0.993220	0.993220	0.993220	0.993220	0.993220	0.993220	0.993220	0.993220	0.993220	0.993220	0.993220	0.993220	0.993220	0.993220	0.993220	0.993220	0.993220	0.993220	0.993220	0.966102	0.966102	0.966102	0.966102	0.966102	0.966102	0.932203	0.932203	0.932203	0.932203	0.932203	0.932203	0.932203	0.932203	0.932203	0.932203	0.932203	0.932203	0.932203	0.932203	0.932203	0.932203	0.932203	0.932203	0.932203	0.932203	0.932203	0.932203	0.932203	0.932203	0.932203	0.932203	0.932203	0.932203	0.932203	0.932203	0.932203	0.932203	0.932203	0.932203	0.932203	0.932203	0.932203	0.932203	0.932203	0.932203	0.932203	0.932203	0.932203	0.932203	0.932203	0.932203	
0.993220	0.993220	0.993220	0.993220	0.993220	0.993220	0.993220	0.993220	0.993220	0.993220	0.993220	0.993220	0.993220	0.993220	0.993220	0.993220	0.993220	0.993220	0.993220	0.993220	0.993220	0.993220	0.993220	0.993220	0.993220	0.993220	0.993220	0.993220	0.993220	0.993220	0.993220	0.993220	0.993220	0.993220	0.993220	0.993220	0.993220	0.993220	0.993220	0.993220	0.993220	0.993220	0.993220	0.993220	0.993220	0.993220	0.993220	0.993220	0.993220	0.993220	0.993220	0.993220	0.993220	0.993220	0.993220	0.993220	0.993220	0.993220	0.993220	0.993220	0.993220	0.993220	0.993220	0.993220	0.993220	0.966102	0.966102	0.966102	0.966102	0.966102	0.932203	0.932203	0.932203	0.932203	0.932203	0.932203	0.932203	0.932203	0.932203	0.932203	0.932203	0.932203	0.932203	0.932203	0.932203	0.932203	0.932203	0.932203	0.932203	0.932203	0.932203	0.932203	0.932203	0.932203	0.932203	0.932203	0.932203	0.932203	0.932203	0.932203	0.932203	0.932203	0.932203	0.932203	0.932203	0.932203	0.932203	0.932203	0.932203	0.932203	0.932203	0.932203	0.932203	0.932203	0.932203	0.932203	0.932203	
0.993220	0.993220	0.993220	0.993220	0.993220	0.993220	0.993220	0.993220	0.993220	0.993220	0.993220	0.993220	0.993220	0.993220	0.993220	0.993220	0.993220	0.993220	0.993220	0.993220	0.993220	0.993220	0.993220	0.993220	0.993220	0.993220	0.993220	0.993220	0.993220	0.993220	0.993220	0.993220	0.993220	0.993220	0.993220	0.993220	0.993220	0.993220	0.993220	0.993220	0.993220	0.993220	0.993220	0.993220	0.993220	0.993220	0.993220	0.993220	0.993220	0.993220	0.993220	0.993220	0.993220	0.993220	0.993220	0.993220	0.993220	0.993220	0.993220	0.993220	0.993220	0.993220	0.993220	0.993220	0.993220	0.993220	0.966102	0.966102	0.966102	0.966102	0.932203	0.932203	0.932203	0.932203	0.932203	0.932203	0.932203	0.932203	0.932203	0.932203	0.932203	0.932203	0.932203	0.932203	0.932203	0.932203	0.932203	0.932203	0.932203	0.932203	0.932203	0.932203	0.932203	0.932203	0.932203	0.932203	0.932203	0.932203	0.932203	0.932203	0.932203	0.932203	0.932203	0.932203	0.932203	0.932203	0.932203	0.932203	0.932203	0.932203	0.932203	0.932203	0.932203	0.932203	0.932203	0.932203	0.932203	0.932203	
0.993220	0.993220	0.993220	0.993220	0.993220	0.993220	0.993220	0.993220	0.993220	0.993220	0.993220	0.993220	0.993220	0.993220	0.993220	0.993220	0.993220	0.993220	0.993220	0.993220	0.993220	0.993220	0.993220	0.993220	0.993220	0.993220	0.993220	0.993220	0.993220	0.993220	0.993220	0.993220	0.993220	0.993220	0.993220	0.993220	0.993220	0.993220	0.993220	0.993220	0.993220	0.993220	0.993220	0.993220	0.993220	0.993220	0.993220	0.993220	0.993220	0.993220	0.993220	0.993220	0.993220	0.993220	0.993220	0.993220	0.993220	0.993220	0.993220	0.993220	0.993220	0.993220	0.993220	0.993220	0.993220	0.993220	0.993220	0.966102	0.966102	0.966102	0.932203	0.932203	0.932203	0.932203	0.932203	0.932203	0.932203	0.932203	0.932203	0.932203	0.932203	0.932203	0.932203	0.932203	0.932203	0.932203	0.932203	0.932203	0.932203	0.932203	0.932203	0.932203	0.932203	0.932203	0.932203	0.932203	0.932203	0.932203	0.932203	0.932203	0.932203	0.932203	0.932203	0.932203	0.932203	0.932203	0.932203	0.932203	0.932203	0.932203	0.932203	0.932203	0.932203	0.932203	0.932203	0.932203	0.932203	0.932203	0.932203	
0.993220	0.993220	0.993220	0.993220	0.993220	0.993220	0.993220	0.993220	0.993220	0.993220	0.993220	0.993220	0.993220	0.993220	0.993220	0.993220	0.993220	0.993220	0.993220	0.993220	0.993220	0.993220	0.993220	0.993220	0.993220	0.993220	0.993220	0.993220	0.993220	0.993220	0.993220	0.993220	0.993220	0.993220	0.993220	0.993220	0.993220	0.993220	0.993220	0.993220	0.993220	0.993220	0.993220	0.993220	0.993220	0.993220	0.993220	0.993220	0.993220	0.993220	0.993220	0.993220	0.993220	0.993220	0.993220	0.993220	0.993220	0.993220	0.993220	0.993220	0.993220	0.993220	0.993220	0.993220	0.993220	0.993220	0.993220	0.993220	0.966102	0.966102	0.932203	0.932203	0.932203	0.932203	0.932203	0.932203	0.932203	0.932203	0.932203	0.932203	0.932203	0.932203	0.932203	0.932203	0.932203	0.932203	0.932203	0.932203	0.932203	0.932203	0.932203	0.932203	0.932203	0.932203	0.932203	0.932203	0.932203	0.932203	0.932203	0.932203	0.932203	0.932203	0.932203	0.932203	0.932203	0.932203	0.932203	0.932203	0.932203	0.932203	0.932203	0.932203	0.932203	0.932203	0.932203	0.932203	0.932203	0.932203	0.932203	0.932203	
0.993220	0.993220	0.993220	0.993220	0.993220	0.993220	0.993220	0.993220	0.993220	0.993220	0.993220	0.993220	0.993220	0.993220	0.993220	0.993220	0.993220	0.993220	0.993220	0.993220	0.993220	0.993220	0.993220	0.993220	0.993220	0.993220	0.993220	0.993220	0.993220	0.993220	0.993220	0.993220	0.993220	0.993220	0.993220	0.993220	0.993220	0.993220	0.993220	0.993220	0.993220	0.993220	0.993220	0.993220	0.993220	0.993220	0.993220	0.993220	0.993220	0.993220	0.993220	0.993220	0.993220	0.993220	0.993220	0.993220	0.993220	0.993220	0.993220	0.993220	0.993220	0.993220	0.993220	0.993220	0.993220	0.993220	0.993220	0.993220	0.993220	0.966102	0.932203	0.932203	0.932203	0.932203	0.932203	0.932203	0.932203	0.932203	0.932203	0.932203	0.932203	0.932203	0.932203	0.932203	0.932203	0.932203	0.932203	0.932203	0.932203	0.932203	0.932203	0.932203	0.932203	0.932203	0.932203	0.932203	0.932203	0.932203	0.932203	0.932203	0.932203	0.932203	0.932203	0.932203	0.932203	0.932203	0.932203	0.932203	0.932203	0.932203	0.932203	0.932203	0.932203	0.932203	0.932203	0.932203	0.932203	0.932203	0.932203	0.932203	0.932203	
0.993220	0.993220	0.993220	0.993220	0.993220	0.993220	0.993220	0.993220	0.993220	0.993220	0.993220	0.993220	0.993220	0.993220	0.993220	0.993220	0.993220	0.993220	0.993220	0.993220	0.993220	0.993220	0.993220	0.993220	0.993220	0.993220	0.993220	0.993220	0.993220	0.993220	0.993220	0.993220	0.993220	0.993220	0.993220	0.993220	0.993220	0.993220	0.993220	0.993220	0.993220	0.993220	0.993220	0.993220	0.993220	0.993220	0.993220	0.993220	0.993220	0.993220	0.993220	0.993220	0.993220	0.993220	0.993220	0.993220	0.993220	0.993220	0.993220	0.993220	0.993220	0.993220	0.993220	0.993220	0.993220	0.993220	0.993220	0.993220	0.993220	0.993220	0.932203	0.932203	0.932203	0.932203	0.932203	0.932203	0.932203	0.932203	0.932203	0.932203	0.932203	0.932203	0.932203	0.932203	0.932203	0.932203	0.932203	0.932203	0.932203	0.932203	0.932203	0.932203	0.932203	0.932203	0.932203	0.932203	0.932203	0.932203	0.932203	0.932203	0.932203	0.932203	0.932203	0.932203	0.932203	0.932203	0.932203	0.932203	0.932203	0.932203	0.932203	0.932203	0.932203	0.932203	0.932203	0.932203	0.932203	0.932203	0.932203	0.932203	0.932203	0.932203	
0.993220	0.993220	0.993220	0.993220	0.993220	0.993220	0.993220	0.993220	0.993220	0.993220	0.993220	0.993220	0.993220	0.993220	0.993220	0.993220	0.993220	0.993220	0.993220	0.993220	0.993220	0.993220	0.993220	0.993220	0.993220	0.993220	0.993220	0.993220	0.993220	0.993220	0.993220	0.993220	0.993220	0.993220	0.993220	0.993220	0.993220	0.993220	0.993220	0.993220	0.993220	0.993220	0.993220	0.993220	0.993220	0.993220	0.993220	0.993220	0.993220	0.993220	0.993220	0.993220	0.993220	0.993220	0.993220	0.993220	0.993220	0.993220	0.993220	0.993220	0.993220	0.993220	0.993220	0.993220	0.993220	0.993220	0.993220	0.993220	0.993220	0.993220	0.993220	0.932203	0.932203	0.932203	0.932203	0.932203	0.932203	0.932203	0.932203	0.932203	0.932203	0.932203	0.932203	0.932203	0.932203	0.932203	0.932203	0.932203	0.932203	0.932203	0.932203	0.932203	0.932203	0.932203	0.932203	0.932203	0.932203	0.932203	0.932203	0.932203	0.932203	0.932203	0.932203	0.932203	0.932203	0.932203	0.932203	0.932203	0.932203	0.932203	0.932203	0.932203	0.932203	0.932203	0.932203	0.932203	0.932203	0.932203	0.932203	0.932203	0.932203	0.932203	0.932203	0.932203	
0.993220	0.993220	0.993220	0.993220	0.993220	0.993220	0.993220	0.993220	0.993220	0.993220	0.993220	0.993220	0.993220	0.993220	0.993220	0.993220	0.993220	0.993220	0.993220	0.993220	0.993220	0.993220	0.993220	0.993220	0.993220	0.993220	0.993220	0.993220	0.993220	0.993220	0.993220	0.993220	0.993220	0.993220	0.993220	0.993220	0.993220	0.993220	0.993220	0.993220	0.993220	0.993220	0.993220	0.993220	0.993220	0.993220	0.993220	0.993220	0.993220	0.993220	0.993220	0.993220	0.993220	0.993220	0.993220	0.993220	0.993220	0.993220	0.993220	0.993220	0.993220	0.993220	0.993220	0.993220	0.993220	0.993220	0.993220	0.993220	0.993220	0.993220	0.993220	0.993220	0.932203	0.932203	0.932203	0.932203	0.932203	0.932203	0.932203	0.932203	0.932203	0.932203	0.932203	0.932203	0.932203	0.932203	0.932203	0.932203	0.932203	0.932203	0.932203	0.932203	0.932203	0.932203	0.932203	0.932203	0.932203	0.932203	0.932203	0.932203	0.932203	0.932203	0.932203	0.932203	0.932203	0.932203	0.932203	0.932203	0.932203	0.932203	0.932203	0.932203	0.932203	0.932203	0.932203	0.932203	0.932203	0.932203	0.932203	0.932203	0.932203	0.932203	0.932203	0.932203	0.932203	0.932203	
0.993220	0.993220	0.993220	0.993220	0.993220	0.993220	0.993220	0.993220	0.993220	0.993220	0.993220	0.993220	0.993220	0.993220	0.993220	0.993220	0.993220	0.993220	0.993220	0.993220	0.993220	0.993220	0.993220	0.993220	0.993220	0.993220	0.993220	0.993220	0.993220	0.993220	0.993220	0.993220	0.993220	0.993220	0.993220	0.993220	0.993220	0.993220	0.993220	0.993220	0.993220	0.993220	0.993220	0.993220	0.993220	0.993220	0.993220	0.993220	0.993220	0.993220	0.993220	0.993220	0.993220	0.993220	0.993220	0.993220	0.993220	0.993220	0.993220	0.993220	0.993220	0.993220	0.993220	0.993220	0.993220	0.993220	0.993220	0.993220	0.993220	0.993220	0.993220	0.993220	0.993220	0.932203	0.932203	0.932203	0.932203	0.932203	0.932203	0.932203	0.932203	0.932203	0.932203	0.932203	0.932203	0.932203	0.932203	0.932203	0.932203	0.932203	0.932203	0.932203	0.932203	0.932203	0.932203	0.932203	0.932203	0.932203	0.932203	0.932203	0.932203	0.932203	0.932203	0.932203	0.932203	0.932203	0.932203	0.932203	0.932203	0.932203	0.932203	0.932203	0.932203	0.932203	0.932203	0.932203	0.932203	0.932203	0.932203	0.932203	0.932203	0.932203	0.932203	0.932203	0.932203	0.932203	0.932203	0.932203	
0.993220	0.993220	0.993220	0.993220	0.993220	0.993220	0.993220	0.993220	0.993220	0.993220	0.993220	0.993220	0.993220	0.993220	0.993220	0.993220	0.993220	0.993220	0.993220	0.993220	0.993220	0.993220	0.993220	0.993220	0.993220	0.993220	0.993220	0.993220	0.993220	0.993220	0.993220	0.993220	0.993220	0.993220	0.993220	0.993220	0.993220	0.993220	0.993220	0.993220	0.993220	0.993220	0.993220	0.993220	0.993220	0.993220	0.993220	0.993220	0.993220	0.993220	0.993220	0.993220	0.993220	0.993220	0.993220	0.993220	0.993220	0.993220	0.993220	0.993220	0.993220	0.993220	0.993220	0.993220	0.993220	0.993220	0.993220	0.993220	0.993220	0.993220	0.993220	0.993220	0.993220	0.993220	0.932203	0.932203	0.932203	0.932203	0.932203	0.932203	0.932203	0.932203	0.932203	0.932203	0.932203	0.932203	0.932203	0.932203	0.932203	0.932203	0.932203	0.932203	0.932203	0.932203	0.932203	0.932203	0.932203	0.932203	0.932203	0.932203	0.932203	0.932203	0.932203	0.932203	0.932203	0.932203	0.932203	0.932203	0.932203	0.932203	0.932203	0.932203	0.932203	0.932203	0.932203	0.932203	0.932203	0.932203	0.932203	0.932203	0.932203	0.932203	0.932203	0.932203	0.932203	0.932203	0.932203	0.932203	0.932203	0.932203	
0.993220	0.993220	0.993220	0.993220	0.993220	0.993220	0.993220	0.993220	0.993220	0.993220	0.993220	0.993220	0.993220	0.993220	0.993220	0.993220	0.993220	0.993220	0.993220	0.993220	0.993220	0.993220	0.993220	0.993220	0.993220	0.993220	0.993220	0.993220	0.993220	0.993220	0.993220	0.993220	0.993220	0.993220	0.993220	0.993220	0.993220	0.993220	0.993220	0.993220	0.993220	0.993220	0.993220	0.993220	0.993220	0.993220	0.993220	0.993220	0.993220	0.993220	0.993220	0.993220	0.993220	0.993220	0.993220	0.993220	0.993220	0.993220	0.993220	0.993220	0.993220	0.993220	0.993220	0.993220	0.993220	0.993220	0.993220	0.993220	0.993220	0.993220	0.993220	0.993220	0.993220	0.993220	0.993220	0.932203	0.932203	0.932203	0.932203	0.932203	0.932203	0.932203	0.932203	0.932203	0.932203	0.932203	0.932203	0.932203	0.932203	0.932203	0.932203	0.932203	0.932203	0.932203	0.932203	0.932203	0.932203	0.932203	0.932203	0.932203	0.932203	0.932203	0.932203	0.932203	0.932203	0.932203	0.932203	0.932203	0.932203	0.932203	0.932203	0.932203	0.932203	0.932203	0.932203	0.932203	0.932203	0.932203	0.932203	0.932203	0.932203	0.932203	0.932203	0.932203	0.932203	0.932203	0.932203	0.932203	0.932203	0.932203	0.932203	0.932203	
0.993220	0.993220	0.993220	0.993220	0.993220	0.993220	0.993220	0.993220	0.993220	0.993220	0.993220	0.993220	0.993220	0.993220	0.993220	0.993220	0.993220	0.993220	0.993220	0.993220	0.993220	0.993220	0.993220	0.993220	0.993220	0.993220	0.993220	0.993220	0.993220	0.993220	0.993220	0.993220	0.993220	0.993220	0.993220	0.993220	0.993220	0.993220	0.993220	0.993220	0.993220	0.993220	0.993220	0.993220	0.993220	0.993220	0.993220	0.993220	0.993220	0.993220	0.993220	0.993220	0.993220	0.993220	0.993220	0.993220	0.993220	0.993220	0.993220	0.993220	0.993220	0.993220	0.993220	0.993220	0.993220	0.993220	0.993220	0.993220	0.993220	0.993220	0.993220	0.993220	0.993220	0.993220	0.993220	0.993220	0.932203	0.932203	0.932203	0.932203	0.932203	0.932203	0.932203	0.932203	0.932203	0.932203	0.932203	0.932203	0.932203	0.932203	0.932203	0.932203	0.932203	0.932203	0.932203	0.932203	0.932203	0.932203	0.932203	0.932203	0.932203	0.932203	0.932203	0.932203	0.932203	0.932203	0.932203	0.932203	0.932203	0.932203	0.932203	0.932203	0.932203	0.932203	0.932203	0.932203	0.932203	0.932203	0.932203	0.932203	0.932203	0.932203	0.932203	0.932203	0.932203	0.932203	0.932203	0.932203	0.932203	0.932203	0.932203	0.932203	0.932203	0.932203	
0.993220	0.993220	0.993220	0.993220	0.993220	0.993220	0.993220	0.993220	0.993220	0.993220	0.993220	0.993220	0.993220	0.993220	0.993220	0.993220	0.993220	0.993220	0.993220	0.993220	0.993220	0.993220	0.993220	0.993220	0.993220	0.993220	0.993220	0.993220	0.993220	0.993220	0.993220	0.993220	0.993220	0.993220	0.993220	0.993220	0.993220	0.993220	0.993220	0.993220	0.993220	0.993220	0.993220	0.993220	0.993220	0.993220	0.993220	0.993220	0.993220	0.993220	0.993220	0.993220	0.993220	0.993220	0.993220	0.993220	0.993220	0.993220	0.993220	0.993220	0.993220	0.993220	0.993220	0.993220	0.993220	0.993220	0.993220	0.993220	0.993220	0.993220	0.993220	0.993220	0.993220	0.993220	0.993220	0.993220	0.993220	0.932203	0.932203	0.932203	0.932203	0.932203	0.932203	0.932203	0.932203	0.932203	0.932203	0.932203	0.932203	0.932203	0.932203	0.932203	0.932203	0.932203	0.932203	0.932203	0.932203	0.932203	0.932203	0.932203	0.932203	0.932203	0.932203	0.932203	0.932203	0.932203	0.932203	0.932203	0.932203	0.932203	0.932203	0.932203	0.932203	0.932203	0.932203	0.932203	0.932203	0.932203	0.932203	0.932203	0.932203	0.932203	0.932203	0.932203	0.932203	0.932203	0.932203	0.932203	0.932203	0.932203	0.932203	0.932203	0.932203	0.932203	0.932203	0.932203	
1.004843	0.993220	0.993220	0.993220	0.993220	0.993220	0.993220	0.993220	0.993220	0.993220	0.993220	0.993220	0.993220	0.993220	0.993220	0.993220	0.993220	0.993220	0.993220	0.993220	0.993220	0.993220	0.993220	0.993220	0.993220	0.993220	0.993220	0.993220	0.993220	0.993220	0.993220	0.993220	0.993220	0.993220	0.993220	0.993220	0.993220	0.993220	0.993220	0.993220	0.993220	0.993220	0.993220	0.993220	0.993220	0.993220	0.993220	0.993220	0.993220	0.993220	0.993220	0.993220	0.993220	0.993220	0.993220	0.993220	0.993220	0.993220	0.993220	0.993220	0.993220	0.993220	0.993220	0.993220	0.993220	0.993220	0.993220	0.993220	0.993220	0.993220	0.993220	0.993220	0.993220	0.993220	0.993220	0.993220	0.993220	0.993220	0.993220	0.932203	0.932203	0.932203	0.932203	0.932203	0.932203	0.932203	0.932203	0.932203	0.932203	0.932203	0.932203	0.932203	0.932203	0.932203	0.932203	0.932203	0.932203	0.932203	0.932203	0.932203	0.932203	0.932203	0.932203	0.932203	0.932203	0.932203	0.932203	0.932203	0.932203	0.932203	0.932203	0.932203	0.932203	0.932203	0.932203	0.932203	0.932203	0.932203	0.932203	0.932203	0.932203	0.932203	0.932203	0.932203	0.932203	0.932203	0.932203	0.932203	0.932203	0.932203	0.932203	0.932203	0.932203	0.932203	0.932203	0.932203	0.932203	0.932203	0.932203	
1.004843	1.004843	0.993220	0.993220	0.993220	0.993220	0.993220	0.993220	0.993220	0.993220	0.993220	0.993220	0.993220	0.993220	0.993220	0.993220	0.993220	0.993220	0.993220	0.993220	0.993220	0.993220	0.993220	0.993220	0.993220	0.993220	0.993220	0.993220	0.993220	0.993220	0.993220	0.993220	0.993220	0.993220	0.993220	0.993220	0.993220	0.993220	0.993220	0.993220	0.993220	0.993220	0.993220	0.993220	0.993220	0.993220	0.993220	0.993220	0.993220	0.993220	0.993220	0.993220	0.993220	0.993220	0.993220	0.993220	0.993220	0.993220	0.993220	0.993220	0.993220	0.993220	0.993220	0.993220	0.993220	0.993220	0.993220	0.993220	0.993220	0.993220	0.993220	0.993220	0.993220	0.993220	0.993220	0.993220	0.993220	0.993220	0.993220	0.993220	0.993220	0.932203	0.932203	0.932203	0.932203	0.932203	0.932203	0.932203	0.932203	0.932203	0.932203	0.932203	0.932203	0.932203	0.932203	0.932203	0.932203	0.932203	0.932203	0.932203	0.932203	0.932203	0.932203	0.932203	0.932203	0.932203	0.932203	0.932203	0.932203	0.932203	0.932203	0.932203	0.932203	0.932203	0.932203	0.932203	0.932203	0.932203	0.932203	0.932203	0.932203	0.932203	0.932203	0.932203	0.932203	0.932203	0.932203	0.932203	0.932203	0.932203	0.932203	0.932203	0.932203	0.932203	0.932203	0.932203	0.932203	0.932203	0.932203	0.932203	0.932203	0.932203	
1.004843	1.004843	1.004843	0.993220	0.993220	0.993220	0.993220	0.993220	0.993220	0.993220	0.993220	0.993220	0.993220	0.993220	0.993220	0.993220	0.993220	0.993220	0.993220	0.993220	0.993220	0.993220	0.993220	0.993220	0.993220	0.993220	0.993220	0.993220	0.993220	0.993220	0.993220	0.993220	0.993220	0.993220	0.993220	0.993220	0.993220	0.993220	0.993220	0.993220	0.993220	0.993220	0.993220	0.993220	0.993220	0.993220	0.993220	0.993220	0.993220	0.993220	0.993220	0.993220	0.993220	0.993220	0.993220	0.993220	0.993220	0.993220	0.993220	0.993220	0.993220	0.993220	0.993220	0.993220	0.993220	0.993220	0.993220	0.993220	0.993220	0.993220	0.993220	0.993220	0.993220	0.993220	0.993220	0.993220	0.993220	0.993220	0.993220	0.993220	0.993220	0.993220	0.993220	0.932203	0.932203	0.932203	0.932203	0.932203	0.932203	0.932203	0.932203	0.932203	0.932203	0.932203	0.932203	0.932203	0.932203	0.932203	0.932203	0.932203	0.932203	0.932203	0.932203	0.932203	0.932203	0.932203	0.932203	0.932203	0.932203	0.932203	0.932203	0.932203	0.932203	0.932203	0.932203	0.932203	0.932203	0.932203	0.932203	0.932203	0.932203	0.932203	0.932203	0.932203	0.932203	0.932203	0.932203	0.932203	0.932203	0.932203	0.932203	0.932203	0.932203	0.932203	0.932203	0.932203	0.932203	0.932203	0.932203	0.932203	0.932203	0.932203	0.932203	0.932203	0.932203	
1.004843	1.004843	1.004843	1.004843	0.993220	0.993220	0.993220	0.993220	0.993220	0.993220	0.993220	0.993220	0.993220	0.993220	0.993220	0.993220	0.993220	0.993220	0.993220	0.993220	0.993220	0.993220	0.993220	0.993220	0.993220	0.993220	0.993220	0.993220	0.993220	0.993220	0.993220	0.993220	0.993220	0.993220	0.993220	0.993220	0.993220	0.993220	0.993220	0.993220	0.993220	0.993220	0.993220	0.993220	0.993220	0.993220	0.993220	0.993220	0.993220	0.993220	0.993220	0.993220	0.993220	0.993220	0.993220	0.993220	0.993220	0.993220	0.993220	0.993220	0.993220	0.993220	0.993220	0.993220	0.993220	0.993220	0.993220	0.993220	0.993220	0.993220	0.993220	0.993220	0.993220	0.993220	0.993220	0.993220	0.993220	0.993220	0.993220	0.993220	0.993220	0.993220	0.993220	0.993220	0.993220	0.932203	0.932203	0.932203	0.932203	0.932203	0.932203	0.932203	0.932203	0.932203	0.932203	0.932203	0.932203	0.932203	0.932203	0.932203	0.932203	0.932203	0.932203	0.932203	0.932203	0.932203	0.932203	0.932203	0.932203	0.932203	0.932203	0.932203	0.932203	0.932203	0.932203	0.932203	0.932203	0.932203	0.932203	0.932203	0.932203	0.932203	0.932203	0.932203	0.932203	0.932203	0.932203	0.932203	0.932203	0.932203	0.932203	0.932203	0.932203	0.932203	0.932203	0.932203	0.932203	0.932203	0.932203	0.932203	0.932203	0.932203	0.932203	0.932203	0.932203	0.932203	0.932203	0.932203	
1.004843	1.004843	1.004843	1.004843	1.004843	0.993220	0.993220	0.993220	0.993220	0.993220	0.993220	0.993220	0.993220	0.993220	0.993220	0.993220	0.993220	0.993220	0.993220	0.993220	0.993220	0.993220	0.993220	0.993220	0.993220	0.993220	0.993220	0.993220	0.993220	0.993220	0.993220	0.993220	0.993220	0.993220	0.993220	0.993220	0.993220	0.993220	0.993220	0.993220	0.993220	0.993220	0.993220	0.993220	0.993220	0.993220	0.993220	0.993220	0.993220	0.993220	0.993220	0.993220	0.993220	0.993220	0.993220	0.993220	0.993220	0.993220	0.993220	0.993220	0.993220	0.993220	0.993220	0.993220	0.993220	0.993220	0.993220	0.993220	0.993220	0.993220	0.993220	0.993220	0.993220	0.993220	0.993220	0.993220	0.993220	0.993220	0.993220	0.993220	0.993220	0.993220	0.993220	0.993220	0.993220	0.993220	0.993220	0.932203	0.932203	0.932203	0.932203	0.932203	0.932203	0.932203	0.932203	0.932203	0.932203	0.932203	0.932203	0.932203	0.932203	0.932203	0.932203	0.932203	0.932203	0.932203	0.932203	0.932203	0.932203	0.932203	0.932203	0.932203	0.932203	0.932203	0.932203	0.932203	0.932203	0.932203	0.932203	0.932203	0.932203	0.932203	0.932203	0.932203	0.932203	0.932203	0.932203	0.932203	0.932203	0.932203	0.932203	0.932203	0.932203	0.932203	0.932203	0.932203	0.932203	0.932203	0.932203	0.932203	0.932203	0.932203	0.932203	0.932203	0.932203	0.932203	0.932203	0.932203	0.932203	0.932203	0.932203	
0.983051	1.004843	1.004843	1.004843	1.004843	1.004843	0.993220	0.993220	0.993220	0.993220	0.993220	0.993220	0.993220	0.993220	0.993220	0.993220	0.993220	0.993220	0.993220	0.993220	0.993220	0.993220	0.993220	0.993220	0.993220	0.993220	0.993220	0.993220	0.993220	0.993220	0.993220	0.993220	0.993220	0.993220	0.993220	0.993220	0.993220	0.993220	0.993220	0.993220	0.993220	0.993220	0.993220	0.993220	0.993220	0.993220	0.993220	0.993220	0.993220	0.993220	0.993220	0.993220	0.993220	0.993220	0.993220	0.993220	0.993220	0.993220	0.993220	0.993220	0.993220	0.993220	0.993220	0.993220	0.993220	0.993220	0.993220	0.993220	0.993220	0.993220	0.993220	0.993220	0.993220	0.993220	0.993220	0.993220	0.993220	0.993220	0.993220	0.993220	0.993220	0.993220	0.993220	0.993220	0.993220	0.993220	0.993220	0.993220	0.993220	0.932203	0.932203	0.932203	0.932203	0.932203	0.932203	0.932203	0.932203	0.932203	0.932203	0.932203	0.932203	0.932203	0.932203	0.932203	0.932203	0.932203	0.932203	0.932203	0.932203	0.932203	0.932203	0.932203	0.932203	0.932203	0.932203	0.932203	0.932203	0.932203	0.932203	0.932203	0.932203	0.932203	0.932203	0.932203	0.932203	0.932203	0.932203	0.932203	0.932203	0.932203	0.932203	0.932203	0.932203	0.932203	0.932203	0.932203	0.932203	0.932203	0.932203	0.932203	0.932203	0.932203	0.932203	0.932203	0.932203	0.932203	0.932203	0.932203	0.932203	0.932203	0.932203	0.932203	0.932203	0.932203	
0.983051	0.983051	1.004843	1.004843	1.004843	1.004843	1.004843	0.993220	0.993220	0.993220	0.993220	0.993220	0.993220	0.993220	0.993220	0.993220	0.993220	0.993220	0.993220	0.993220	0.993220	0.993220	0.993220	0.993220	0.993220	0.993220	0.993220	0.993220	0.993220	0.993220	0.993220	0.993220	0.993220	0.993220	0.993220	0.993220	0.993220	0.993220	0.993220	0.993220	0.993220	0.993220	0.993220	0.993220	0.993220	0.993220	0.993220	0.993220	0.993220	0.993220	0.993220	0.993220	0.993220	0.993220	0.993220	0.993220	0.993220	0.993220	0.993220	0.993220	0.993220	0.993220	0.993220	0.993220	0.993220	0.993220	0.993220	0.993220	0.993220	0.993220	0.993220	0.993220	0.993220	0.993220	0.993220	0.993220	0.993220	0.993220	0.993220	0.993220	0.993220	0.993220	0.993220	0.993220	0.993220	0.993220	0.993220	0.993220	0.993220	0.993220	0.993220	0.932203	0.932203	0.932203	0.932203	0.932203	0.932203	0.932203	0.932203	0.932203	0.932203	0.932203	0.932203	0.932203	0.932203	0.932203	0.932203	0.932203	0.932203	0.932203	0.932203	0.932203	0.932203	0.932203	0.932203	0.932203	0.932203	0.932203	0.932203	0.932203	0.932203	0.932203	0.932203	0.932203	0.932203	0.932203	0.932203	0.932203	0.932203	0.932203	0.932203	0.932203	0.932203	0.932203	0.932203	0.932203	0.932203	0.932203	0.932203	0.932203	0.932203	0.932203	0.932203	0.932203	0.932203	0.932203	0.932203	0.932203	0.932203	0.932203	0.932203	0.932203	0.932203	0.932203	0.932203	0.932203	0.932203	
0.983051	0.983051	0.983051	1.004843	1.004843	1.004843	1.004843	1.004843	0.993220	0.993220	0.993220	0.993220	0.993220	0.993220	0.993220	0.993220	0.993220	0.993220	0.993220	0.993220	0.993220	0.993220	0.993220	0.993220	0.993220	0.993220	0.993220	0.993220	0.993220	0.993220	0.993220	0.993220	0.993220	0.993220	0.993220	0.993220	0.993220	0.993220	0.993220	0.993220	0.993220	0.993220	0.993220	0.993220	0.993220	0.993220	0.993220	0.993220	0.993220	0.993220	0.993220	0.993220	0.993220	0.993220	0.993220	0.993220	0.993220	0.993220	0.993220	0.993220	0.993220	0.993220	0.993220	0.993220	0.993220	0.993220	0.993220	0.993220	0.993220	0.993220	0.993220	0.993220	0.993220	0.993220	0.993220	0.993220	0.993220	0.993220	0.993220	0.993220	0.993220	0.993220	0.993220	0.993220	0.993220	0.993220	0.993220	0.993220	0.993220	0.993220	0.993220	0.993220	0.993220	0.932203	0.932203	0.932203	0.932203	0.932203	0.932203	0.932203	0.932203	0.932203	0.932203	0.932203	0.932203	0.932203	0.932203	0.932203	0.932203	0.932203	0.932203	0.932203	0.932203	0.932203	0.932203	0.932203	0.932203	0.932203	0.932203	0.932203	0.932203	0.932203	0.932203	0.932203	0.932203	0.932203	0.932203	0.932203	0.932203	0.932203	0.932203	0.932203	0.932203	0.932203	0.932203	0.932203	0.932203	0.932203	0.932203	0.932203	0.932203	0.932203	0.932203	0.932203	0.932203	0.932203	0.932203	0.932203	0.932203	0.932203	0.932203	0.932203	0.932203	0.932203	0.932203	0.932203	0.932203	0.932203	0.932203	0.932203	
0.983051	0.983051	0.983051	0.983051	1.004843	1.004843	1.004843	1.004843	1.004843	0.993220	0.993220	0.993220	0.993220	0.993220	0.993220	0.993220	0.993220	0.993220	0.993220	0.993220	0.993220	0.993220	0.993220	0.993220	0.993220	0.993220	0.993220	0.993220	0.993220	0.993220	0.993220	0.993220	0.993220	0.993220	0.993220	0.993220	0.993220	0.993220	0.993220	0.993220	0.993220	0.993220	0.993220	0.993220	0.993220	0.993220	0.993220	0.993220	0.993220	0.993220	0.993220	0.993220	0.993220	0.993220	0.993220	0.993220	0.993220	0.993220	0.993220	0.993220	0.993220	0.993220	0.993220	0.993220	0.993220	0.993220	0.993220	0.993220	0.993220	0.993220	0.993220	0.993220	0.993220	0.993220	0.993220	0.993220	0.993220	0.993220	0.993220	0.993220	0.993220	0.993220	0.993220	0.993220	0.993220	0.993220	0.993220	0.993220	0.993220	0.993220	0.993220	0.993220	0.993220	0.993220	0.993220	0.932203	0.932203	0.932203	0.932203	0.932203	0.932203	0.932203	0.932203	0.932203	0.932203	0.932203	0.932203	0.932203	0.932203	0.932203	0.932203	0.932203	0.932203	0.932203	0.932203	0.932203	0.932203	0.932203	0.932203	0.932203	0.932203	0.932203	0.932203	0.932203	0.932203	0.932203	0.932203	0.932203	0.932203	0.932203	0.932203	0.932203	0.932203	0.932203	0.932203	0.932203	0.932203	0.932203	0.932203	0.932203	0.932203	0.932203	0.932203	0.932203	0.932203	0.932203	0.932203	0.932203	0.932203	0.932203	0.932203	0.932203	0.932203	0.932203	0.932203	0.932203	0.932203	0.932203	0.932203	0.932203	0.932203	0.932203	0.932203	
0.983051	0.983051	0.983051	0.983051	0.983051	1.004843	1.004843	1.004843	1.004843	1.004843	0.993220	0.993220	0.993220	0.993220	0.993220	0.993220	0.993220	0.993220	0.993220	0.993220	0.993220	0.993220	0.993220	0.993220	0.993220	0.993220	0.993220	0.993220	0.993220	0.993220	0.993220	0.993220	0.993220	0.993220	0.993220	0.993220	0.993220	0.993220	0.993220	0.993220	0.993220	0.993220	0.993220	0.993220	0.993220	0.993220	0.993220	0.993220	0.993220	0.993220	0.993220	0.993220	0.993220	0.993220	0.993220	0.993220	0.993220	0.993220	0.993220	0.993220	0.993220	0.993220	0.993220	0.993220	0.993220	0.993220	0.993220	0.993220	0.993220	0.993220	0.993220	0.993220	0.993220	0.993220	0.993220	0.993220	0.993220	0.993220	0.993220	0.993220	0.993220	0.993220	0.993220	0.993220	0.993220	0.993220	0.993220	0.993220	0.993220	0.993220	0.993220	0.993220	0.993220	0.993220	0.993220	0.993220	0.993220	0.932203	0.932203	0.932203	0.932203	0.932203	0.932203	0.932203	0.932203	0.932203	0.932203	0.932203	0.932203	0.932203	0.932203	0.932203	0.932203	0.932203	0.932203	0.932203	0.932203	0.932203	0.932203	0.932203	0.932203	0.932203	0.932203	0.932203	0.932203	0.932203	0.932203	0.932203	0.932203	0.932203	0.932203	0.932203	0.932203	0.932203	0.932203	0.932203	0.932203	0.932203	0.932203	0.932203	0.932203	0.932203	0.932203	0.932203	0.932203	0.932203	0.932203	0.932203	0.932203	0.932203	0.932203	0.932203	0.932203	0.932203	0.932203	0.932203	0.932203	0.932203	0.932203	0.932203	0.932203	0.932203	0.932203	0.932203	0.932203	0.932203	
0.983051	0.983051	0.983051	0.983051	0.983051	0.983051	1.004843	1.004843	1.004843	1.004843	1.004843	0.993220	0.993220	0.993220	0.993220	0.993220	0.993220	0.993220	0.993220	0.993220	0.993220	0.993220	0.993220	0.993220	0.993220	0.993220	0.993220	0.993220	0.993220	0.993220	0.993220	0.993220	0.993220	0.993220	0.993220	0.993220	0.993220	0.993220	0.993220	0.993220	0.993220	0.993220	0.993220	0.993220	0.993220	0.993220	0.993220	0.993220	0.993220	0.993220	0.993220	0.993220	0.993220	0.993220	0.993220	0.993220	0.993220	0.993220	0.993220	0.993220	0.993220	0.993220	0.993220	0.993220	0.993220	0.993220	0.993220	0.993220	0.993220	0.993220	0.993220	0.993220	0.993220	0.993220	0.993220	0.993220	0.993220	0.993220	0.993220	0.993220	0.993220	0.993220	0.993220	0.993220	0.993220	0.993220	0.993220	0.993220	0.993220	0.993220	0.993220	0.993220	0.993220	0.993220	0.993220	0.993220	0.993220	0.993220	0.993220	0.932203	0.932203	0.932203	0.932203	0.932203	0.932203	0.932203	0.932203	0.932203	0.932203	0.932203	0.932203	0.932203	0.932203	0.932203	0.932203	0.932203	0.932203	0.932203	0.932203	0.932203	0.932203	0.932203	0.932203	0.932203	0.932203	0.932203	0.932203	0.932203	0.932203	0.932203	0.932203	0.932203	0.932203	0.932203	0.932203	0.932203	0.932203	0.932203	0.932203	0.932203	0.932203	0.932203	0.932203	0.932203	0.932203	0.932203	0.932203	0.932203	0.932203	0.932203	0.932203	0.932203	0.932203	0.932203	0.932203	0.932203	0.932203	0.932203	0.932203	0.932203	0.932203	0.932203	0.932203	0.932203	0.932203	0.932203	0.932203	0.932203	0.932203	
0.983051	0.983051	0.983051	0.983051	0.983051	0.983051	0.983051	1.004843	1.004843	1.004843	1.004843	1.004843	0.993220	0.993220	0.993220	0.993220	0.993220	0.993220	0.993220	0.993220	0.993220	0.993220	0.993220	0.993220	0.993220	0.993220	0.993220	0.993220	0.993220	0.993220	0.993220	0.993220	0.993220	0.993220	0.993220	0.993220	0.993220	0.993220	0.993220	0.993220	0.993220	0.993220	0.993220	0.993220	0.993220	0.993220	0.993220	0.993220	0.993220	0.993220	0.993220	0.993220	0.993220	0.993220	0.993220	0.993220	0.993220	0.993220	0.993220	0.993220	0.993220	0.993220	0.993220	0.993220	0.993220	0.993220	0.993220	0.993220	0.993220	0.993220	0.993220	0.993220	0.993220	0.993220	0.993220	0.993220	0.993220	0.993220	0.993220	0.993220	0.993220	0.993220	0.993220	0.993220	0.993220	0.993220	0.993220	0.993220	0.993220	0.993220	0.993220	0.993220	0.993220	0.993220	0.993220	0.993220	0.993220	0.993220	0.993220	0.993220	0.993220	0.932203	0.932203	0.932203	0.932203	0.932203	0.932203	0.932203	0.932203	0.932203	0.932203	0.932203	0.932203	0.932203	0.932203	0.932203	0.932203	0.932203	0.932203	0.932203	0.932203	0.932203	0.932203	0.932203	0.932203	0.932203	0.932203	0.932203	0.932203	0.932203	0.932203	0.932203	0.932203	0.932203	0.932203	0.932203	0.932203	0.932203	0.932203	0.932203	0.932203	0.932203	0.932203	0.932203	0.932203	0.932203	0.932203	0.932203	0.932203	0.932203	0.932203	0.932203	0.932203	0.932203	0.932203	0.932203	0.932203	0.932203	0.932203	0.932203	0.932203	0.932203	0.932203	0.932203	0.932203	0.932203	0.932203	0.932203	0.932203	0.932203	0.932203	0.932203	
0.983051	0.983051	0.983051	0.983051	0.983051	0.983051	0.983051	0.983051	1.004843	1.004843	1.004843	1.004843	1.004843	0.993220	0.993220	0.993220	0.993220	0.993220	0.993220	0.993220	0.993220	0.993220	0.993220	0.993220	0.993220	0.993220	0.993220	0.993220	0.993220	0.993220	0.993220	0.993220	0.993220	0.993220	0.993220	0.993220	0.993220	0.993220	0.993220	0.993220	0.993220	0.993220	0.993220	0.993220	0.993220	0.993220	0.993220	0.993220	0.993220	0.993220	0.993220	0.993220	0.993220	0.993220	0.993220	0.993220	0.993220	0.993220	0.993220	0.993220	0.993220	0.993220	0.993220	0.993220	0.993220	0.993220	0.993220	0.993220	0.993220	0.993220	0.993220	0.993220	0.993220	0.993220	0.993220	0.993220	0.993220	0.993220	0.993220	0.993220	0.993220	0.993220	0.993220	0.993220	0.993220	0.993220	0.993220	0.993220	0.993220	0.993220	0.993220	0.993220	0.993220	0.993220	0.993220	0.993220	0.993220	0.993220	0.993220	0.993220	0.993220	0.993220	0.993220	0.932203	0.932203	0.932203	0.932203	0.932203	0.932203	0.932203	0.932203	0.932203	0.932203	0.932203	0.932203	0.932203	0.932203	0.932203	0.932203	0.932203	0.932203	0.932203	0.932203	0.932203	0.932203	0.932203	0.932203	0.932203	0.932203	0.932203	0.932203	0.932203	0.932203	0.932203	0.932203	0.932203	0.932203	0.932203	0.932203	0.932203	0.932203	0.932203	0.932203	0.932203	0.932203	0.932203	0.932203	0.932203	0.932203	0.932203	0.932203	0.932203	0.932203	0.932203	0.932203	0.932203	0.932203	0.932203	0.932203	0.932203	0.932203	0.932203	0.932203	0.932203	0.932203	0.932203	0.932203	0.932203	0.932203	0.932203	0.932203	0.932203	0.932203	0.932203	0.932203	
0.983051	0.983051	0.983051	0.983051	0.983051	0.983051	0.983051	0.983051	0.983051	1.004843	1.004843	1.004843	1.004843	1.004843	0.993220	0.993220	0.993220	0.993220	0.993220	0.993220	0.993220	0.993220	0.993220	0.993220	0.993220	0.993220	0.993220	0.993220	0.993220	0.993220	0.993220	0.993220	0.993220	0.993220	0.993220	0.993220	0.993220	0.993220	0.993220	0.993220	0.993220	0.993220	0.993220	0.993220	0.993220	0.993220	0.993220	0.993220	0.993220	0.993220	0.993220	0.993220	0.993220	0.993220	0.993220	0.993220	0.993220	0.993220	0.993220	0.993220	0.993220	0.993220	0.993220	0.993220	0.993220	0.993220	0.993220	0.993220	0.993220	0.993220	0.993220	0.993220	0.993220	0.993220	0.993220	0.993220	0.993220	0.993220	0.993220	0.993220	0.993220	0.993220	0.993220	0.993220	0.993220	0.993220	0.993220	0.993220	0.993220	0.993220	0.993220	0.993220	0.993220	0.993220	0.993220	0.993220	0.993220	0.993220	0.993220	0.993220	0.993220	0.993220	0.993220	0.993220	0.993220	0.932203	0.932203	0.932203	0.932203	0.932203	0.932203	0.932203	0.932203	0.932203	0.932203	0.932203	0.932203	0.932203	0.932203	0.932203	0.932203	0.932203	0.932203	0.932203	0.932203	0.932203	0.932203	0.932203	0.932203	0.932203	0.932203	0.932203	0.932203	0.932203	0.932203	0.932203	0.932203	0.932203	0.932203	0.932203	0.932203	0.932203	0.932203	0.932203	0.932203	0.932203	0.932203	0.932203	0.932203	0.932203	0.932203	0.932203	0.932203	0.932203	0.932203	0.932203	0.932203	0.932203	0.932203	0.932203	0.932203	0.932203	0.932203	0.932203	0.932203	0.932203	0.932203	0.932203	0.932203	0.932203	0.932203	0.932203	0.932203	0.932203	0.932203	0.932203	0.932203	0.932203	
0.983051	0.983051	0.983051	0.983051	0.983051	0.983051	0.983051	0.983051	0.983051	0.983051	1.004843	1.004843	1.004843	1.004843	1.004843	0.993220	0.993220	0.993220	0.993220	0.993220	0.993220	0.993220	0.993220	0.993220	0.993220	0.993220	0.993220	0.993220	0.993220	0.993220	0.993220	0.993220	0.993220	0.993220	0.993220	0.993220	0.993220	0.993220	0.993220	0.993220	0.993220	0.993220	0.993220	0.993220	0.993220	0.993220	0.993220	0.993220	0.993220	0.993220	0.993220	0.993220	0.993220	0.993220	0.993220	0.993220	0.993220	0.993220	0.993220	0.993220	0.993220	0.993220	0.993220	0.993220	0.993220	0.993220	0.993220	0.993220	0.993220	0.993220	0.993220	0.993220	0.993220	0.993220	0.993220	0.993220	0.993220	0.993220	0.993220	0.993220	0.993220	0.993220	0.993220	0.993220	0.993220	0.993220	0.993220	0.993220	0.993220	0.993220	0.993220	0.993220	0.993220	0.993220	0.993220	0.993220	0.993220	0.993220	0.993220	0.993220	0.993220	0.993220	0.993220	0.993220	0.993220	0.993220	0.993220	0.932203	0.932203	0.932203	0.932203	0.932203	0.932203	0.932203	0.932203	0.932203	0.932203	0.932203	0.932203	0.932203	0.932203	0.932203	0.932203	0.932203	0.932203	0.932203	0.932203	0.932203	0.932203	0.932203	0.932203	0.932203	0.932203	0.932203	0.932203	0.932203	0.932203	0.932203	0.932203	0.932203	0.932203	0.932203	0.932203	0.932203	0.932203	0.932203	0.932203	0.932203	0.932203	0.932203	0.932203	0.932203	0.932203	0.932203	0.932203	0.932203	0.932203	0.932203	0.932203	0.932203	0.932203	0.932203	0.932203	0.932203	0.932203	0.932203	0.932203	0.932203	0.932203	0.932203	0.932203	0.932203	0.932203	0.932203	0.932203	0.932203	0.932203	0.932203	0.932203	0.932203	0.932203	
0.983051	0.983051	0.983051	0.983051	0.983051	0.983051	0.983051	0.983051	0.983051	0.983051	0.983051	1.004843	1.004843	1.004843	1.004843	1.004843	0.993220	0.993220	0.993220	0.993220	0.993220	0.993220	0.993220	0.993220	0.993220	0.993220	0.993220	0.993220	0.993220	0.993220	0.993220	0.993220	0.993220	0.993220	0.993220	0.993220	0.993220	0.993220	0.993220	0.993220	0.993220	0.993220	0.993220	0.993220	0.993220	0.993220	0.993220	0.993220	0.993220	0.993220	0.993220	0.993220	0.993220	0.993220	0.993220	0.993220	0.993220	0.993220	0.993220	0.993220	0.993220	0.993220	0.993220	0.993220	0.993220	0.993220	0.993220	0.993220	0.993220	0.993220	0.993220	0.993220	0.993220	0.993220	0.993220	0.993220	0.993220	0.993220	0.993220	0.993220	0.993220	0.993220	0.993220	0.993220	0.993220	0.993220	0.993220	0.993220	0.993220	0.993220	0.993220	0.993220	0.993220	0.993220	0.993220	0.993220	0.993220	0.993220	0.993220	0.993220	0.993220	0.993220	0.993220	0.993220	0.993220	0.993220	0.993220	0.993220	0.993220	0.932203	0.932203	0.932203	0.932203	0.932203	0.932203	0.932203	0.932203	0.932203	0.932203	0.932203	0.932203	0.932203	0.932203	0.932203	0.932203	0.932203	0.932203	0.932203	0.932203	0.932203	0.932203	0.932203	0.932203	0.932203	0.932203	0.932203	0.932203	0.932203	0.932203	0.932203	0.932203	0.932203	0.932203	0.932203	0.932203	0.932203	0.932203	0.932203	0.932203	0.932203	0.932203	0.932203	0.932203	0.932203	0.932203	0.932203	0.932203	0.932203	0.932203	0.932203	0.932203	0.932203	0.932203	0.932203	0.932203	0.932203	0.932203	0.932203	0.932203	0.932203	0.932203	0.932203	0.932203	0.932203	0.932203	0.932203	0.932203	0.932203	0.932203	0.932203	0.932203	0.932203	0.932203	0.932203	
0.983051	0.983051	0.983051	0.983051	0.983051	0.983051	0.983051	0.983051	0.983051	0.983051	0.983051	0.983051	1.004843	1.004843	1.004843	1.004843	1.004843	0.993220	0.993220	0.993220	0.993220	0.993220	0.993220	0.993220	0.993220	0.993220	0.993220	0.993220	0.993220	0.993220	0.993220	0.993220	0.993220	0.993220	0.993220	0.993220	0.993220	0.993220	0.993220	0.993220	0.993220	0.993220	0.993220	0.993220	0.993220	0.993220	0.993220	0.993220	0.993220	0.993220	0.993220	0.993220	0.993220	0.993220	0.993220	0.993220	0.993220	0.993220	0.993220	0.993220	0.993220	0.993220	0.993220	0.993220	0.993220	0.993220	0.993220	0.993220	0.993220	0.993220	0.993220	0.993220	0.993220	0.993220	0.993220	0.993220	0.993220	0.993220	0.993220	0.993220	0.993220	0.993220	0.993220	0.993220	0.993220	0.993220	0.993220	0.993220	0.993220	0.993220	0.993220	0.993220	0.993220	0.993220	0.993220	0.993220	0.993220	0.993220	0.993220	0.993220	0.993220	0.993220	0.993220	0.993220	0.993220	0.993220	0.993220	0.993220	0.993220	0.993220	0.993220	0.932203	0.932203	0.932203	0.932203	0.932203	0.932203	0.932203	0.932203	0.932203	0.932203	0.932203	0.932203	0.932203	0.932203	0.932203	0.932203	0.932203	0.932203	0.932203	0.932203	0.932203	0.932203	0.932203	0.932203	0.932203	0.932203	0.932203	0.932203	0.932203	0.932203	0.932203	0.932203	0.932203	0.932203	0.932203	0.932203	0.932203	0.932203	0.932203	0.932203	0.932203	0.932203	0.932203	0.932203	0.932203	0.932203	0.932203	0.932203	0.932203	0.932203	0.932203	0.932203	0.932203	0.932203	0.932203	0.932203	0.932203	0.932203	0.932203	0.932203	0.932203	0.932203	0.932203	0.932203	0.932203	0.932203	0.932203	0.932203	0.932203	0.932203	0.932203	0.932203	0.932203	0.932203	0.932203	0.932203	
0.983051	0.983051	0.983051	0.983051	0.983051	0.983051	0.983051	0.983051	0.983051	0.983051	0.983051	0.983051	0.983051	1.004843	1.004843	1.004843	1.004843	1.004843	0.993220	0.993220	0.993220	0.993220	0.993220	0.993220	0.993220	0.993220	0.993220	0.993220	0.993220	0.993220	0.993220	0.993220	0.993220	0.993220	0.993220	0.993220	0.993220	0.993220	0.993220	0.993220	0.993220	0.993220	0.993220	0.993220	0.993220	0.993220	0.993220	0.993220	0.993220	0.993220	0.993220	0.993220	0.993220	0.993220	0.993220	0.993220	0.993220	0.993220	0.993220	0.993220	0.993220	0.993220	0.993220	0.993220	0.993220	0.993220	0.993220	0.993220	0.993220	0.993220	0.993220	0.993220	0.993220	0.993220	0.993220	0.993220	0.993220	0.993220	0.993220	0.993220	0.993220	0.993220	0.993220	0.993220	0.993220	0.993220	0.993220	0.993220	0.993220	0.993220	0.993220	0.993220	0.993220	0.993220	0.993220	0.993220	0.993220	0.993220	0.993220	0.993220	0.993220	0.993220	0.993220	0.993220	0.993220	0.993220	0.993220	0.993220	0.993220	0.993220	0.993220	0.993220	0.993220	0.932203	0.932203	0.932203	0.932203	0.932203	0.932203	0.932203	0.932203	0.932203	0.932203	0.932203	0.932203	0.932203	0.932203	0.932203	0.932203	0.932203	0.932203	0.932203	0.932203	0.932203	0.932203	0.932203	0.932203	0.932203	0.932203	0.932203	0.932203	0.932203	0.932203	0.932203	0.932203	0.932203	0.932203	0.932203	0.932203	0.932203	0.932203	0.932203	0.932203	0.932203	0.932203	0.932203	0.932203	0.932203	0.932203	0.932203	0.932203	0.932203	0.932203	0.932203	0.932203	0.932203	0.932203	0.932203	0.932203	0.932203	0.932203	0.932203	0.932203	0.932203	0.932203	0.932203	0.932203	0.932203	0.932203	0.932203	0.932203	0.932203	0.932203	0.932203	0.932203	0.932203	0.932203	0.932203	0.932203	0.932203	
0.983051	0.983051	0.983051	0.983051	0.983051	0.983051	0.983051	0.983051	0.983051	0.983051	0.983051	0.983051	0.983051	0.983051	1.004843	1.004843	1.004843	1.004843	1.004843	0.993220	0.993220	0.993220	0.993220	0.993220	0.993220	0.993220	0.993220	0.993220	0.993220	0.993220	0.993220	0.993220	0.993220	0.993220	0.993220	0.993220	0.993220	0.993220	0.993220	0.993220	0.993220	0.993220	0.993220	0.993220	0.993220	0.993220	0.993220	0.993220	0.993220	0.993220	0.993220	0.993220	0.993220	0.993220	0.993220	0.993220	0.993220	0.993220	0.993220	0.993220	0.993220	0.993220	0.993220	0.993220	0.993220	0.993220	0.993220	0.993220	0.993220	0.993220	0.993220	0.993220	0.993220	0.993220	0.993220	0.993220	0.993220	0.993220	0.993220	0.993220	0.993220	0.993220	0.993220	0.993220	0.993220	0.993220	0.993220	0.993220	0.993220	0.993220	0.993220	0.993220	0.993220	0.993220	0.993220	0.993220	0.993220	0.993220	0.993220	0.993220	0.993220	0.993220	0.993220	0.993220	0.993220	0.993220	0.993220	0.993220	0.993220	0.993220	0.993220	0.993220	0.993220	0.993220	0.993220	0.932203	0.932203	0.932203	0.932203	0.932203	0.932203	0.932203	0.932203	0.932203	0.932203	0.932203	0.932203	0.932203	0.932203	0.932203	0.932203	0.932203	0.932203	0.932203	0.932203	0.932203	0.932203	0.932203	0.932203	0.932203	0.932203	0.932203	0.932203	0.932203	0.932203	0.932203	0.932203	0.932203	0.932203	0.932203	0.932203	0.932203	0.932203	0.932203	0.932203	0.932203	0.932203	0.932203	0.932203	0.932203	0.932203	0.932203	0.932203	0.932203	0.932203	0.932203	0.932203	0.932203	0.932203	0.932203	0.932203	0.932203	0.932203	0.932203	0.932203	0.932203	0.932203	0.932203	0.932203	0.932203	0.932203	0.932203	0.932203	0.932203	0.932203	0.932203	0.932203	0.932203	0.932203	0.932203	0.932203	0.932203	0.932203	
0.983051	0.983051	0.983051	0.983051	0.983051	0.983051	0.983051	0.983051	0.983051	0.983051	0.983051	0.983051	0.983051	0.983051	0.983051	1.004843	1.004843	1.004843	1.004843	1.004843	0.993220	0.993220	0.993220	0.993220	0.993220	0.993220	0.993220	0.993220	0.993220	0.993220	0.993220	0.993220	0.993220	0.993220	0.993220	0.993220	0.993220	0.993220	0.993220	0.993220	0.993220	0.993220	0.993220	0.993220	0.993220	0.993220	0.993220	0.993220	0.993220	0.993220	0.993220	0.993220	0.993220	0.993220	0.993220	0.993220	0.993220	0.993220	0.993220	0.993220	0.993220	0.993220	0.993220	0.993220	0.993220	0.993220	0.993220	0.993220	0.993220	0.993220	0.993220	0.993220	0.993220	0.993220	0.993220	0.993220	0.993220	0.993220	0.993220	0.993220	0.993220	0.993220	0.993220	0.993220	0.993220	0.993220	0.993220	0.993220	0.993220	0.993220	0.993220	0.993220	0.993220	0.993220	0.993220	0.993220	0.993220	0.993220	0.993220	0.993220	0.993220	0.993220	0.993220	0.993220	0.993220	0.993220	0.993220	0.993220	0.993220	0.993220	0.993220	0.993220	0.993220	0.993220	0.993220	0.993220	0.993220	0.932203	0.932203	0.932203	0.932203	0.932203	0.932203	0.932203	0.932203	0.932203	0.932203	0.932203	0.932203	0.932203	0.932203	0.932203	0.932203	0.932203	0.932203	0.932203	0.932203	0.932203	0.932203	0.932203	0.932203	0.932203	0.932203	0.932203	0.932203	0.932203	0.932203	0.932203	0.932203	0.932203	0.932203	0.932203	0.932203	0.932203	0.932203	0.932203	0.932203	0.932203	0.932203	0.932203	0.932203	0.932203	0.932203	0.932203	0.932203	0.932203	0.932203	0.932203	0.932203	0.932203	0.932203	0.932203	0.932203	0.932203	0.932203	0.932203	0.932203	0.932203	0.932203	0.932203	0.932203	0.932203	0.932203	0.932203	0.932203	0.932203	0.932203	0.932203	0.932203	0.932203	0.932203	0.932203	0.932203	0.932203	0.932203	0.932203	
0.983051	0.983051	0.983051	0.983051	0.983051	0.983051	0.983051	0.983051	0.983051	0.983051	0.983051	0.983051	0.983051	0.983051	0.983051	0.983051	1.004843	1.004843	1.004843	1.004843	1.004843	0.993220	0.993220	0.993220	0.993220	0.993220	0.993220	0.993220	0.993220	0.993220	0.993220	0.993220	0.993220	0.993220	0.993220	0.993220	0.993220	0.993220	0.993220	0.993220	0.993220	0.993220	0.993220	0.993220	0.993220	0.993220	0.993220	0.993220	0.993220	0.993220	0.993220	0.993220	0.993220	0.993220	0.993220	0.993220	0.993220	0.993220	0.993220	0.993220	0.993220	0.993220	0.993220	0.993220	0.993220	0.993220	0.993220	0.993220	0.993220	0.993220	0.993220	0.993220	0.993220	0.993220	0.993220	0.993220	0.993220	0.993220	0.993220	0.993220	0.993220	0.993220	0.993220	0.993220	0.993220	0.993220	0.993220	0.993220	0.993220	0.993220	0.993220	0.993220	0.993220	0.993220	0.993220	0.993220	0.993220	0.993220	0.993220	0.993220	0.993220	0.993220	0.993220	0.993220	0.993220	0.993220	0.993220	0.993220	0.993220	0.993220	0.993220	0.993220	0.993220	0.993220	0.993220	0.993220	0.993220	0.993220	0.993220	0.932203	0.932203	0.932203	0.932203	0.932203	0.932203	0.932203	0.932203	0.932203	0.932203	0.932203	0.932203	0.932203	0.932203	0.932203	0.932203	0.932203	0.932203	0.932203	0.932203	0.932203	0.932203	0.932203	0.932203	0.932203	0.932203	0.932203	0.932203	0.932203	0.932203	0.932203	0.932203	0.932203	0.932203	0.932203	0.932203	0.932203	0.932203	0.932203	0.932203	0.932203	0.932203	0.932203	0.932203	0.932203	0.932203	0.932203	0.932203	0.932203	0.932203	0.932203	0.932203	0.932203	0.932203	0.932203	0.932203	0.932203	0.932203	0.932203	0.932203	0.932203	0.932203	0.932203	0.932203	0.932203	0.932203	0.932203	0.932203	0.932203	0.932203	0.932203	0.932203	0.932203	0.932203	0.932203	0.932203	0.932203	0.932203	0.932203	0.932203	
0.983051	0.983051	0.983051	0.983051	0.983051	0.983051	0.983051	0.983051	0.983051	0.983051	0.983051	0.983051	0.983051	0.983051	0.983051	0.983051	0.983051	1.004843	1.004843	1.004843	1.004843	0.993220	0.993220	0.993220	0.993220	0.993220	0.993220	0.993220	0.993220	0.993220	0.993220	0.993220	0.993220	0.993220	0.993220	0.993220	0.993220	0.993220	0.993220	0.993220	0.993220	0.993220	0.993220	0.993220	0.993220	0.993220	0.993220	0.993220	0.993220	0.993220	0.993220	0.993220	0.993220	0.993220	0.993220	0.993220	0.993220	0.993220	0.993220	0.993220	0.993220	0.993220	0.993220	0.993220	0.993220	0.993220	0.993220	0.993220	0.993220	0.993220	0.993220	0.993220	0.993220	0.993220	0.993220	0.993220	0.993220	0.993220	0.993220	0.993220	0.993220	0.993220	0.993220	0.993220	0.993220	0.993220	0.993220	0.993220	0.993220	0.993220	0.993220	0.993220	0.993220	0.993220	0.993220	0.993220	0.993220	0.993220	0.993220	0.993220	0.993220	0.993220	0.993220	0.993220	0.993220	0.993220	0.993220	0.993220	0.993220	0.993220	0.993220	0.993220	0.993220	0.993220	0.993220	0.993220	0.993220	0.993220	0.993220	0.993220	0.932203	0.932203	0.932203	0.932203	0.932203	0.932203	0.932203	0.932203	0.932203	0.932203	0.932203	0.932203	0.932203	0.932203	0.932203	0.932203	0.932203	0.932203	0.932203	0.932203	0.932203	0.932203	0.932203	0.932203	0.932203	0.932203	0.932203	0.932203	0.932203	0.932203	0.932203	0.932203	0.932203	0.932203	0.932203	0.932203	0.932203	0.932203	0.932203	0.932203	0.932203	0.932203	0.932203	0.932203	0.932203	0.932203	0.932203	0.932203	0.932203	0.932203	0.932203	0.932203	0.932203	0.932203	0.932203	0.932203	0.932203	0.932203	0.932203	0.932203	0.932203	0.932203	0.932203	0.932203	0.932203	0.932203	0.932203	0.932203	0.932203	0.932203	0.932203	0.932203	0.932203	0.932203	0.932203	0.932203	0.932203	0.932203	0.932203	0.932203	0.932203	
0.983051	0.983051	0.983051	0.983051	0.983051	0.983051	0.983051	0.983051	0.983051	0.983051	0.983051	0.983051	0.983051	0.983051	0.983051	0.983051	0.983051	0.983051	1.004843	1.004843	0.993220	0.993220	0.993220	0.993220	0.993220	0.993220	0.993220	0.993220	0.993220	0.993220	0.993220	0.993220	0.993220	0.993220	0.993220	0.993220	0.993220	0.993220	0.993220	0.993220	0.993220	0.993220	0.993220	0.993220	0.993220	0.993220	0.993220	0.993220	0.993220	0.993220	0.993220	0.993220	0.993220	0.993220	0.993220	0.993220	0.993220	0.993220	0.993220	0.993220	0.993220	0.993220	0.993220	0.993220	0.993220	0.993220	0.993220	0.993220	0.993220	0.993220	0.993220	0.993220	0.993220	0.993220	0.993220	0.993220	0.993220	0.993220	0.993220	0.993220	0.993220	0.993220	0.993220	0.993220	0.993220	0.993220	0.993220	0.993220	0.993220	0.993220	0.993220	0.993220	0.993220	0.993220	0.993220	0.993220	0.993220	0.993220	0.993220	0.993220	0.993220	0.993220	0.993220	0.993220	0.993220	0.993220	0.993220	0.993220	0.993220	0.993220	0.993220	0.993220	0.993220	0.993220	0.993220	0.993220	0.993220	0.993220	0.993220	0.993220	0.932203	0.932203	0.932203	0.932203	0.932203	0.932203	0.932203	0.932203	0.932203	0.932203	0.932203	0.932203	0.932203	0.932203	0.932203	0.932203	0.932203	0.932203	0.932203	0.932203	0.932203	0.932203	0.932203	0.932203	0.932203	0.932203	0.932203	0.932203	0.932203	0.932203	0.932203	0.932203	0.932203	0.932203	0.932203	0.932203	0.932203	0.932203	0.932203	0.932203	0.932203	0.932203	0.932203	0.932203	0.932203	0.932203	0.932203	0.932203	0.932203	0.932203	0.932203	0.932203	0.932203	0.932203	0.932203	0.932203	0.932203	0.932203	0.932203	0.932203	0.932203	0.932203	0.932203	0.932203	0.932203	0.932203	0.932203	0.932203	0.932203	0.932203	0.932203	0.932203	0.932203	0.932203	0.932203	0.932203	0.932203	0.932203	0.932203	0.932203	0.932203	0.932203	
0.983051	0.983051	0.983051	0.983051	0.983051	0.983051	0.983051	0.983051	0.983051	0.983051	0.983051	0.983051	0.983051	0.983051	0.983051	0.983051	0.983051	0.983051	0.983051	0.993220	0.993220	0.993220	0.993220	0.993220	0.993220	0.993220	0.993220	0.993220	0.993220	0.993220	0.993220	0.993220	0.993220	0.993220	0.993220	0.993220	0.993220	0.993220	0.993220	0.993220	0.993220	0.993220	0.993220	0.993220	0.993220	0.993220	0.993220	0.993220	0.993220	0.993220	0.993220	0.993220	0.993220	0.993220	0.993220	0.993220	0.993220	0.993220	0.993220	0.993220	0.993220	0.993220	0.993220	0.993220	0.993220	0.993220	0.993220	0.993220	0.993220	0.993220	0.993220	0.993220	0.993220	0.993220	0.993220	0.993220	0.993220	0.993220	0.993220	0.993220	0.993220	0.993220	0.993220	0.993220	0.993220	0.993220	0.993220	0.993220	0.993220	0.993220	0.993220	0.993220	0.993220	0.993220	0.993220	0.993220	0.993220	0.993220	0.993220	0.993220	0.993220	0.993220	0.993220	0.993220	0.993220	0.993220	0.993220	0.993220	0.993220	0.993220	0.993220	0.993220	0.993220	0.993220	0.993220	0.993220	0.993220	0.993220	0.993220	0.993220	0.932203	0.932203	0.932203	0.932203	0.932203	0.932203	0.932203	0.932203	0.932203	0.932203	0.932203	0.932203	0.932203	0.932203	0.932203	0.932203	0.932203	0.932203	0.932203	0.932203	0.932203	0.932203	0.932203	0.932203	0.932203	0.932203	0.932203	0.932203	0.932203	0.932203	0.932203	0.932203	0.932203	0.932203	0.932203	0.932203	0.932203	0.932203	0.932203	0.932203	0.932203	0.932203	0.932203	0.932203	0.932203	0.932203	0.932203	0.932203	0.932203	0.932203	0.932203	0.932203	0.932203	0.932203	0.932203	0.932203	0.932203	0.932203	0.932203	0.932203	0.932203	0.932203	0.932203	0.932203	0.932203	0.932203	0.932203	0.932203	0.932203	0.932203	0.932203	0.932203	0.932203	0.932203	0.932203	0.932203	0.932203	0.932203	0.932203	0.932203	0.932203	0.932203	0.932203	
0.983051	0.983051	0.983051	0.983051	0.983051	0.983051	0.983051	0.983051	0.983051	0.983051	0.983051	0.983051	0.983051	0.983051	0.983051	0.983051	0.983051	0.983051	0.983051	0.983051	0.993220	0.993220	0.993220	0.993220	0.993220	0.993220	0.993220	0.993220	0.993220	0.993220	0.993220	0.993220	0.993220	0.993220	0.993220	0.993220	0.993220	0.993220	0.993220	0.993220	0.993220	0.993220	0.993220	0.993220	0.993220	0.993220	0.993220	0.993220	0.993220	0.993220	0.993220	0.993220	0.993220	0.993220	0.993220	0.993220	0.993220	0.993220	0.993220	0.993220	0.993220	0.993220	0.993220	0.993220	0.993220	0.993220	0.993220	0.993220	0.993220	0.993220	0.993220	0.993220	0.993220	0.993220	0.993220	0.993220	0.993220	0.993220	0.993220	0.993220	0.993220	0.993220	0.993220	0.993220	0.993220	0.993220	0.993220	0.993220	0.993220	0.993220	0.993220	0.993220	0.993220	0.993220	0.993220	0.993220	0.993220	0.993220	0.993220	0.993220	0.993220	0.993220	0.993220	0.993220	0.993220	0.993220	0.993220	0.993220	0.993220	0.993220	0.993220	0.993220	0.993220	0.993220	0.993220	0.993220	0.993220	0.993220	0.993220	0.993220	0.932203	0.932203	0.932203	0.932203	0.932203	0.932203	0.932203	0.932203	0.932203	0.932203	0.932203	0.932203	0.932203	0.932203	0.932203	0.932203	0.932203	0.932203	0.932203	0.932203	0.932203	0.932203	0.932203	0.932203	0.932203	0.932203	0.932203	0.932203	0.932203	0.932203	0.932203	0.932203	0.932203	0.932203	0.932203	0.932203	0.932203	0.932203	0.932203	0.932203	0.932203	0.932203	0.932203	0.932203	0.932203	0.932203	0.932203	0.932203	0.932203	0.932203	0.932203	0.932203	0.932203	0.932203	0.932203	0.932203	0.932203	0.932203	0.932203	0.932203	0.932203	0.932203	0.932203	0.932203	0.932203	0.932203	0.932203	0.932203	0.932203	0.932203	0.932203	0.932203	0.932203	0.932203	0.932203	0.932203	0.932203	0.932203	0.932203	0.932203	0.932203	0.932203	0.932203	0.932203	
0.983051	0.983051	0.983051	0.983051	0.983051	0.983051	0.983051	0.983051	0.983051	0.983051	0.983051	0.983051	0.983051	0.983051	0.983051	0.983051	0.983051	0.983051	0.983051	0.983051	0.983051	0.993220	0.993220	0.993220	0.993220	0.993220	0.993220	0.993220	0.993220	0.993220	0.993220	0.993220	0.993220	0.993220	0.993220	0.993220	0.993220	0.993220	0.993220	0.993220	0.993220	0.993220	0.993220	0.993220	0.993220	0.993220	0.993220	0.993220	0.993220	0.993220	0.993220	0.993220	0.993220	0.993220	0.993220	0.993220	0.993220	0.993220	0.993220	0.993220	0.993220	0.993220	0.993220	0.993220	0.993220	0.993220	0.993220	0.993220	0.993220	0.993220	0.993220	0.993220	0.993220	0.993220	0.993220	0.993220	0.993220	0.993220	0.993220	0.993220	0.993220	0.993220	0.993220	0.993220	0.993220	0.993220	0.993220	0.993220	0.993220	0.993220	0.993220	0.993220	0.993220	0.993220	0.993220	0.993220	0.993220	0.993220	0.993220	0.993220	0.993220	0.993220	0.993220	0.993220	0.993220	0.993220	0.993220	0.993220	0.993220	0.993220	0.993220	0.993220	0.993220	0.993220	0.993220	0.993220	0.993220	0.993220	0.993220	0.993220	0.932203	0.932203	0.932203	0.932203	0.932203	0.932203	0.932203	0.932203	0.932203	0.932203	0.932203	0.932203	0.932203	0.932203	0.932203	0.932203	0.932203	0.932203	0.932203	0.932203	0.932203	0.932203	0.932203	0.932203	0.932203	0.932203	0.932203	0.932203	0.932203	0.932203	0.932203	0.932203	0.932203	0.932203	0.932203	0.932203	0.932203	0.932203	0.932203	0.932203	0.932203	0.932203	0.932203	0.932203	0.932203	0.932203	0.932203	0.932203	0.932203	0.932203	0.932203	0.932203	0.932203	0.932203	0.932203	0.932203	0.932203	0.932203	0.932203	0.932203	0.932203	0.932203	0.932203	0.932203	0.932203	0.932203	0.932203	0.932203	0.932203	0.932203	0.932203	0.932203	0.932203	0.932203	0.932203	0.932203	0.932203	0.932203	0.932203	0.932203	0.932203	0.932203	0.932203	0.932203	0.932203	
0.983051	0.983051	0.983051	0.983051	0.983051	0.983051	0.983051	0.983051	0.983051	0.983051	0.983051	0.983051	0.983051	0.983051	0.983051	0.983051	0.983051	0.983051	0.983051	0.983051	0.983051	0.983051	0.993220	0.993220	0.993220	0.993220	0.993220	0.993220	0.993220	0.993220	0.993220	0.993220	0.993220	0.993220	0.993220	0.993220	0.993220	0.993220	0.993220	0.993220	0.993220	0.993220	0.993220	0.993220	0.993220	0.993220	0.993220	0.993220	0.993220	0.993220	0.993220	0.993220	0.993220	0.993220	0.993220	0.993220	0.993220	0.993220	0.993220	0.993220	0.993220	0.993220	0.993220	0.993220	0.993220	0.993220	0.993220	0.993220	0.993220	0.993220	0.993220	0.993220	0.993220	0.993220	0.993220	0.993220	0.993220	0.993220	0.993220	0.993220	0.993220	0.993220	0.993220	0.993220	0.993220	0.993220	0.993220	0.993220	0.993220	0.993220	0.993220	0.993220	0.993220	0.993220	0.993220	0.993220	0.993220	0.993220	0.993220	0.993220	0.993220	0.993220	0.993220	0.993220	0.993220	0.993220	0.993220	0.993220	0.993220	0.993220	0.993220	0.993220	0.993220	0.993220	0.993220	0.993220	0.993220	0.993220	0.993220	0.993220	0.932203	0.932203	0.932203	0.932203	0.932203	0.932203	0.932203	0.932203	0.932203	0.932203	0.932203	0.932203	0.932203	0.932203	0.932203	0.932203	0.932203	0.932203	0.932203	0.932203	0.932203	0.932203	0.932203	0.932203	0.932203	0.932203	0.932203	0.932203	0.932203	0.932203	0.932203	0.932203	0.932203	0.932203	0.932203	0.932203	0.932203	0.932203	0.932203	0.932203	0.932203	0.932203	0.932203	0.932203	0.932203	0.932203	0.932203	0.932203	0.932203	0.932203	0.932203	0.932203	0.932203	0.932203	0.932203	0.932203	0.932203	0.932203	0.932203	0.932203	0.932203	0.932203	0.932203	0.932203	0.932203	0.932203	0.932203	0.932203	0.932203	0.932203	0.932203	0.932203	0.932203	0.932203	0.932203	0.932203	0.932203	0.932203	0.932203	0.932203	0.932203	0.932203	0.932203	0.932203	0.932203	0.932203	
0.983051	0.983051	0.983051	0.983051	0.983051	0.983051	0.983051	0.983051	0.983051	0.983051	0.983051	0.983051	0.983051	0.983051	0.983051	0.983051	0.983051	0.983051	0.983051	0.983051	0.983051	0.983051	0.983051	0.993220	0.993220	0.993220	0.993220	0.993220	0.993220	0.993220	0.993220	0.993220	0.993220	0.993220	0.993220	0.993220	0.993220	0.993220	0.993220	0.993220	0.993220	0.993220	0.993220	0.993220	0.993220	0.993220	0.993220	0.993220	0.993220	0.993220	0.993220	0.993220	0.993220	0.993220	0.993220	0.993220	0.993220	0.993220	0.993220	0.993220	0.993220	0.993220	0.993220	0.993220	0.993220	0.993220	0.993220	0.993220	0.993220	0.993220	0.993220	0.993220	0.993220	0.993220	0.993220	0.993220	0.993220	0.993220	0.993220	0.993220	0.993220	0.993220	0.993220	0.993220	0.993220	0.993220	0.993220	0.993220	0.993220	0.993220	0.993220	0.993220	0.993220	0.993220	0.993220	0.993220	0.993220	0.993220	0.993220	0.993220	0.993220	0.993220	0.993220	0.993220	0.993220	0.993220	0.993220	0.993220	0.993220	0.993220	0.993220	0.993220	0.993220	0.993220	0.993220	0.993220	0.993220	0.993220	0.993220	0.993220	1.003082	0.932203	0.932203	0.932203	0.932203	0.932203	0.932203	0.932203	0.932203	0.932203	0.932203	0.932203	0.932203	0.932203	0.932203	0.932203	0.932203	0.932203	0.932203	0.932203	0.932203	0.932203	0.932203	0.932203	0.932203	0.932203	0.932203	0.932203	0.932203	0.932203	0.932203	0.932203	0.932203	0.932203	0.932203	0.932203	0.932203	0.932203	0.932203	0.932203	0.932203	0.932203	0.932203	0.932203	0.932203	0.932203	0.932203	0.932203	0.932203	0.932203	0.932203	0.932203	0.932203	0.932203	0.932203	0.932203	0.932203	0.932203	0.932203	0.932203	0.932203	0.932203	0.932203	0.932203	0.932203	0.932203	0.932203	0.932203	0.932203	0.932203	0.932203	0.932203	0.932203	0.932203	0.932203	0.932203	0.932203	0.932203	0.932203	0.932203	0.932203	0.932203	0.932203	0.932203	0.932203	0.932203	0.932203	0.932203	
0.983051	0.983051	0.983051	0.983051	0.983051	0.983051	0.983051	0.983051	0.983051	0.983051	0.983051	0.983051	0.983051	0.983051	0.983051	0.983051	0.983051	0.983051	0.983051	0.983051	0.983051	0.983051	0.983051	0.983051	0.993220	0.993220	0.993220	0.993220	0.993220	0.993220	0.993220	0.993220	0.993220	0.993220	0.993220	0.993220	0.993220	0.993220	0.993220	0.993220	0.993220	0.993220	0.993220	0.993220	0.993220	0.993220	0.993220	0.993220	0.993220	0.993220	0.993220	0.993220	0.993220	0.993220	0.993220	0.993220	0.993220	0.993220	0.993220	0.993220	0.993220	0.993220	0.993220	0.993220	0.993220	0.993220	0.993220	0.993220	0.993220	0.993220	0.993220	0.993220	0.993220	0.993220	0.993220	0.993220	0.993220	0.993220	0.993220	0.993220	0.993220	0.993220	0.993220	0.993220	0.993220	0.993220	0.993220	0.993220	0.993220	0.993220	0.993220	0.993220	0.993220	0.993220	0.993220	0.993220	0.993220	0.993220	0.993220	0.993220	0.993220	0.993220	0.993220	0.993220	0.993220	0.993220	0.993220	0.993220	0.993220	0.993220	0.993220	0.993220	0.993220	0.993220	0.993220	0.993220	0.993220	0.993220	0.993220	0.993220	1.003082	1.003082	0.932203	0.932203	0.932203	0.932203	0.932203	0.932203	0.932203	0.932203	0.932203	0.932203	0.932203	0.932203	0.932203	0.932203	0.932203	0.932203	0.932203	0.932203	0.932203	0.932203	0.932203	0.932203	0.932203	0.932203	0.932203	0.932203	0.932203	0.932203	0.932203	0.932203	0.932203	0.932203	0.932203	0.932203	0.932203	0.932203	0.932203	0.932203	0.932203	0.932203	0.932203	0.932203	0.932203	0.932203	0.932203	0.932203	0.932203	0.932203	0.932203	0.932203	0.932203	0.932203	0.932203	0.932203	0.932203	0.932203	0.932203	0.932203	0.932203	0.932203	0.932203	0.932203	0.932203	0.932203	0.932203	0.932203	0.932203	0.932203	0.932203	0.932203	0.932203	0.932203	0.932203	0.932203	0.932203	0.932203	0.932203	0.932203	0.932203	0.932203	0.932203	0.932203	0.932203	0.932203	0.932203	0.932203	0.932203	0.932203	
0.983051	0.983051	0.983051	0.983051	0.983051	0.983051	0.983051	0.983051	0.983051	0.983051	0.983051	0.983051	0.983051	0.983051	0.983051	0.983051	0.983051	0.983051	0.983051	0.983051	0.983051	0.983051	0.983051	0.983051	0.983051	0.993220	0.993220	0.993220	0.993220	0.993220	0.993220	0.993220	0.993220	0.993220	0.993220	0.993220	0.993220	0.993220	0.993220	0.993220	0.993220	0.993220	0.993220	0.993220	0.993220	0.993220	0.993220	0.993220	0.993220	0.993220	0.993220	0.993220	0.993220	0.993220	0.993220	0.993220	0.993220	0.993220	0.993220	0.993220	0.993220	0.993220	0.993220	0.993220	0.993220	0.993220	0.993220	0.993220	0.993220	0.993220	0.993220	0.993220	0.993220	0.993220	0.993220	0.993220	0.993220	0.993220	0.993220	0.993220	0.993220	0.993220	0.993220	0.993220	0.993220	0.993220	0.993220	0.993220	0.993220	0.993220	0.993220	0.993220	0.993220	0.993220	0.993220	0.993220	0.993220	0.993220	0.993220	0.993220	0.993220	0.993220	0.993220	0.993220	0.993220	0.993220	0.993220	0.993220	0.993220	0.993220	0.993220	0.993220	0.993220	0.993220	0.993220	0.993220	0.993220	0.993220	0.993220	0.993220	1.003082	1.003082	1.003082	0.932203	0.932203	0.932203	0.932203	0.932203	0.932203	0.932203	0.932203	0.932203	0.932203	0.932203	0.932203	0.932203	0.932203	0.932203	0.932203	0.932203	0.932203	0.932203	0.932203	0.932203	0.932203	0.932203	0.932203	0.932203	0.932203	0.932203	0.932203	0.932203	0.932203	0.932203	0.932203	0.932203	0.932203	0.932203	0.932203	0.932203	0.932203	0.932203	0.932203	0.932203	0.932203	0.932203	0.932203	0.932203	0.932203	0.932203	0.932203	0.932203	0.932203	0.932203	0.932203	0.932203	0.932203	0.932203	0.932203	0.932203	0.932203	0.932203	0.932203	0.932203	0.932203	0.932203	0.932203	0.932203	0.932203	0.932203	0.932203	0.932203	0.932203	0.932203	0.932203	0.932203	0.932203	0.932203	0.932203	0.932203	0.932203	0.932203	0.932203	0.932203	0.932203	0.932203	0.932203	0.932203	0.932203	0.932203	0.932203	0.932203	
0.983051	0.983051	0.983051	0.983051	0.983051	0.983051	0.983051	0.983051	0.983051	0.983051	0.983051	0.983051	0.983051	0.983051	0.983051	0.983051	0.983051	0.983051	0.983051	0.983051	0.983051	0.983051	0.983051	0.983051	0.983051	0.983051	0.993220	0.993220	0.993220	0.993220	0.993220	0.993220	0.993220	0.993220	0.993220	0.993220	0.993220	0.993220	0.993220	0.993220	0.993220	0.993220	0.993220	0.993220	0.993220	0.993220	0.993220	0.993220	0.993220	0.993220	0.993220	0.993220	0.993220	0.993220	0.993220	0.993220	0.993220	0.993220	0.993220	0.993220	0.993220	0.993220	0.993220	0.993220	0.993220	0.993220	0.993220	0.993220	0.993220	0.993220	0.993220	0.993220	0.993220	0.993220	0.993220	0.993220	0.993220	0.993220	0.993220	0.993220	0.993220	0.993220	0.993220	0.993220	0.993220	0.993220	0.993220	0.993220	0.993220	0.993220	0.993220	0.993220	0.993220	0.993220	0.993220	0.993220	0.993220	0.993220	0.993220	0.993220	0.993220	0.993220	0.993220	0.993220	0.993220	0.993220	0.993220	0.993220	0.993220	0.993220	0.993220	0.993220	0.993220	0.993220	0.993220	0.993220	0.993220	0.993220	0.993220	0.993220	1.003082	1.003082	1.003082	1.003082	0.932203	0.932203	0.932203	0.932203	0.932203	0.932203	0.932203	0.932203	0.932203	0.932203	0.932203	0.932203	0.932203	0.932203	0.932203	0.932203	0.932203	0.932203	0.932203	0.932203	0.932203	0.932203	0.932203	0.932203	0.932203	0.932203	0.932203	0.932203	0.932203	0.932203	0.932203	0.932203	0.932203	0.932203	0.932203	0.932203	0.932203	0.932203	0.932203	0.932203	0.932203	0.932203	0.932203	0.932203	0.932203	0.932203	0.932203	0.932203	0.932203	0.932203	0.932203	0.932203	0.932203	0.932203	0.932203	0.932203	0.932203	0.932203	0.932203	0.932203	0.932203	0.932203	0.932203	0.932203	0.932203	0.932203	0.932203	0.932203	0.932203	0.932203	0.932203	0.932203	0.932203	0.932203	0.932203	0.932203	0.932203	0.932203	0.932203	0.932203	0.932203	0.932203	0.932203	0.932203	0.932203	0.932203	0.932203	0.932203	0.932203	0.932203	
0.983051	0.983051	0.983051	0.983051	0.983051	0.983051	0.983051	0.983051	0.983051	0.983051	0.983051	0.983051	0.983051	0.983051	0.983051	0.983051	0.983051	0.983051	0.983051	0.983051	0.983051	0.983051	0.983051	0.983051	0.983051	0.983051	0.983051	0.993220	0.993220	0.993220	0.993220	0.993220	0.993220	0.993220	0.993220	0.993220	0.993220	0.993220	0.993220	0.993220	0.993220	0.993220	0.993220	0.993220	0.993220	0.993220	0.993220	0.993220	0.993220	0.993220	0.993220	0.993220	0.993220	0.993220	0.993220	0.993220	0.993220	0.993220	0.993220	0.993220	0.993220	0.993220	0.993220	0.993220	0.993220	0.993220	0.993220	0.993220	0.993220	0.993220	0.993220	0.993220	0.993220	0.993220	0.993220	0.993220	0.993220	0.993220	0.993220	0.993220	0.993220	0.993220	0.993220	0.993220	0.993220	0.993220	0.993220	0.993220	0.993220	0.993220	0.993220	0.993220	0.993220	0.993220	0.993220	0.993220	0.993220	0.993220	0.993220	0.993220	0.993220	0.993220	0.993220	0.993220	0.993220	0.993220	0.993220	0.993220	0.993220	0.993220	0.993220	0.993220	0.993220	0.993220	0.993220	0.993220	0.993220	0.993220	0.993220	0.993220	1.003082	1.003082	1.003082	1.003082	1.003082	0.932203	0.932203	0.932203	0.932203	0.932203	0.932203	0.932203	0.932203	0.932203	0.932203	0.932203	0.932203	0.932203	0.932203	0.932203	0.932203	0.932203	0.932203	0.932203	0.932203	0.932203	0.932203	0.932203	0.932203	0.932203	0.932203	0.932203	0.932203	0.932203	0.932203	0.932203	0.932203	0.932203	0.932203	0.932203	0.932203	0.932203	0.932203	0.932203	0.932203	0.932203	0.932203	0.932203	0.932203	0.932203	0.932203	0.932203	0.932203	0.932203	0.932203	0.932203	0.932203	0.932203	0.932203	0.932203	0.932203	0.932203	0.932203	0.932203	0.932203	0.932203	0.932203	0.932203	0.932203	0.932203	0.932203	0.932203	0.932203	0.932203	0.932203	0.932203	0.932203	0.932203	0.932203	0.932203	0.932203	0.932203	0.932203	0.932203	0.932203	0.932203	0.932203	0.932203	0.932203	0.932203	0.932203	0.932203	0.932203	0.932203	0.932203	0.932203	
0.983051	0.983051	0.983051	0.983051	0.983051	0.983051	0.983051	0.983051	0.983051	0.983051	0.983051	0.983051	0.983051	0.983051	0.983051	0.983051	0.983051	0.983051	0.983051	0.983051	0.983051	0.983051	0.983051	0.983051	0.983051	0.983051	0.983051	0.983051	0.993220	0.993220	0.993220	0.993220	0.993220	0.993220	0.993220	0.993220	0.993220	0.993220	0.993220	0.993220	0.993220	0.993220	0.993220	0.993220	0.993220	0.993220	0.993220	0.993220	0.993220	0.993220	0.993220	0.993220	0.993220	0.993220	0.993220	0.993220	0.993220	0.993220	0.993220	0.993220	0.993220	0.993220	0.993220	0.993220	0.993220	0.993220	0.993220	0.993220	0.993220	0.993220	0.993220	0.993220	0.993220	0.993220	0.993220	0.993220	0.993220	0.993220	0.993220	0.993220	0.993220	0.993220	0.993220	0.993220	0.993220	0.993220	0.993220	0.993220	0.993220	0.993220	0.993220	0.993220	0.993220	0.993220	0.993220	0.993220	0.993220	0.993220	0.993220	0.993220	0.993220	0.993220	0.993220	0.993220	0.993220	0.993220	0.993220	0.993220	0.993220	0.993220	0.993220	0.993220	0.993220	0.993220	0.993220	0.993220	0.993220	0.993220	0.993220	0.993220	1.003082	1.003082	1.003082	1.003082	1.003082	1.003082	0.932203	0.932203	0.932203	0.932203	0.932203	0.932203	0.932203	0.932203	0.932203	0.932203	0.932203	0.932203	0.932203	0.932203	0.932203	0.932203	0.932203	0.932203	0.932203	0.932203	0.932203	0.932203	0.932203	0.932203	0.932203	0.932203	0.932203	0.932203	0.932203	0.932203	0.932203	0.932203	0.932203	0.932203	0.932203	0.932203	0.932203	0.932203	0.932203	0.932203	0.932203	0.932203	0.932203	0.932203	0.932203	0.932203	0.932203	0.932203	0.932203	0.932203	0.932203	0.932203	0.932203	0.932203	0.932203	0.932203	0.932203	0.932203	0.932203	0.932203	0.932203	0.932203	0.932203	0.932203	0.932203	0.932203	0.932203	0.932203	0.932203	0.932203	0.932203	0.932203	0.932203	0.932203	0.932203	0.932203	0.932203	0.932203	0.932203	0.932203	0.932203	0.932203	0.932203	0.932203	0.932203	0.932203	0.932203	0.932203	0.932203	0.932203	0.932203	0.932203	
0.983051	0.983051	0.983051	0.983051	0.983051	0.983051	0.983051	0.983051	0.983051	0.983051	0.983051	0.983051	0.983051	0.983051	0.983051	0.983051	0.983051	0.983051	0.983051	0.983051	0.983051	0.983051	0.983051	0.983051	0.983051	0.983051	0.983051	0.983051	0.983051	0.993220	0.993220	0.993220	0.993220	0.993220	0.993220	0.993220	0.993220	0.993220	0.993220	0.993220	0.993220	0.993220	0.993220	0.993220	0.993220	0.993220	0.993220	0.993220	0.993220	0.993220	0.993220	0.993220	0.993220	0.993220	0.993220	0.993220	0.993220	0.993220	0.993220	0.993220	0.993220	0.993220	0.993220	0.993220	0.993220	0.993220	0.993220	0.993220	0.993220	0.993220	0.993220	0.993220	0.993220	0.993220	0.993220	0.993220	0.993220	0.993220	0.993220	0.993220	0.993220	0.993220	0.993220	0.993220	0.993220	0.993220	0.993220	0.993220	0.993220	0.993220	0.993220	0.993220	0.993220	0.993220	0.993220	0.993220	0.993220	0.993220	0.993220	0.993220	0.993220	0.993220	0.993220	0.993220	0.993220	0.993220	0.993220	0.993220	0.993220	0.993220	0.993220	0.993220	0.993220	0.993220	0.993220	0.993220	0.993220	0.993220	0.993220	0.993220	1.003082	1.003082	1.003082	1.003082	1.003082	1.003082	1.003082	0.932203	0.932203	0.932203	0.932203	0.932203	0.932203	0.932203	0.932203	0.932203	0.932203	0.932203	0.932203	0.932203	0.932203	0.932203	0.932203	0.932203	0.932203	0.932203	0.932203	0.932203	0.932203	0.932203	0.932203	0.932203	0.932203	0.932203	0.932203	0.932203	0.932203	0.932203	0.932203	0.932203	0.932203	0.932203	0.932203	0.932203	0.932203	0.932203	0.932203	0.932203	0.932203	0.932203	0.932203	0.932203	0.932203	0.932203	0.932203	0.932203	0.932203	0.932203	0.932203	0.932203	0.932203	0.932203	0.932203	0.932203	0.932203	0.932203	0.932203	0.932203	0.932203	0.932203	0.932203	0.932203	0.932203	0.932203	0.932203	0.932203	0.932203	0.932203	0.932203	0.932203	0.932203	0.932203	0.932203	0.932203	0.932203	0.932203	0.932203	0.932203	0.932203	0.932203	0.932203	0.932203	0.932203	0.932203	0.932203	0.932203	0.932203	0.932203	0.932203	0.932203	
0.983051	0.983051	0.983051	0.983051	0.983051	0.983051	0.983051	0.983051	0.983051	0.983051	0.983051	0.983051	0.983051	0.983051	0.983051	0.983051	0.983051	0.983051	0.983051	0.983051	0.983051	0.983051	0.983051	0.983051	0.983051	0.983051	0.983051	0.983051	0.983051	0.983051	0.993220	0.993220	0.993220	0.993220	0.993220	0.993220	0.993220	0.993220	0.993220	0.993220	0.993220	0.993220	0.993220	0.993220	0.993220	0.993220	0.993220	0.993220	0.993220	0.993220	0.993220	0.993220	0.993220	0.993220	0.993220	0.993220	0.993220	0.993220	0.993220	0.993220	0.993220	0.993220	0.993220	0.993220	0.993220	0.993220	0.993220	0.993220	0.993220	0.993220	0.993220	0.993220	0.993220	0.993220	0.993220	0.993220	0.993220	0.993220	0.993220	0.993220	0.993220	0.993220	0.993220	0.993220	0.993220	0.993220	0.993220	0.993220	0.993220	0.993220	0.993220	0.993220	0.993220	0.993220	0.993220	0.993220	0.993220	0.993220	0.993220	0.993220	0.993220	0.993220	0.993220	0.993220	0.993220	0.993220	0.993220	0.993220	0.993220	0.993220	0.993220	0.993220	0.993220	0.993220	0.993220	0.993220	0.993220	0.993220	0.993220	0.993220	1.003082	1.003082	1.003082	1.003082	1.003082	1.003082	1.003082	1.003082	0.932203	0.932203	0.932203	0.932203	0.932203	0.932203	0.932203	0.932203	0.932203	0.932203	0.932203	0.932203	0.932203	0.932203	0.932203	0.932203	0.932203	0.932203	0.932203	0.932203	0.932203	0.932203	0.932203	0.932203	0.932203	0.932203	0.932203	0.932203	0.932203	0.932203	0.932203	0.932203	0.932203	0.932203	0.932203	0.932203	0.932203	0.932203	0.932203	0.932203	0.932203	0.932203	0.932203	0.932203	0.932203	0.932203	0.932203	0.932203	0.932203	0.932203	0.932203	0.932203	0.932203	0.932203	0.932203	0.932203	0.932203	0.932203	0.932203	0.932203	0.932203	0.932203	0.932203	0.932203	0.932203	0.932203	0.932203	0.932203	0.932203	0.932203	0.932203	0.932203	0.932203	0.932203	0.932203	0.932203	0.932203	0.932203	0.932203	0.932203	0.932203	0.932203	0.932203	0.932203	0.932203	0.932203	0.932203	0.932203	0.932203	0.932203	0.932203	0.932203	0.932203	0.932203	
0.983051	0.983051	0.983051	0.983051	0.983051	0.983051	0.983051	0.983051	0.983051	0.983051	0.983051	0.983051	0.983051	0.983051	0.983051	0.983051	0.983051	0.983051	0.983051	0.983051	0.983051	0.983051	0.983051	0.983051	0.983051	0.983051	0.983051	0.983051	0.983051	0.983051	0.983051	0.993220	0.993220	0.993220	0.993220	0.993220	0.993220	0.993220	0.993220	0.993220	0.993220	0.993220	0.993220	0.993220	0.993220	0.993220	0.993220	0.993220	0.993220	0.993220	0.993220	0.993220	0.993220	0.993220	0.993220	0.993220	0.993220	0.993220	0.993220	0.993220	0.993220	0.993220	0.993220	0.993220	0.993220	0.993220	0.993220	0.993220	0.993220	0.993220	0.993220	0.993220	0.993220	0.993220	0.993220	0.993220	0.993220	0.993220	0.993220	0.993220	0.993220	0.993220	0.993220	0.993220	0.993220	0.993220	0.993220	0.993220	0.993220	0.993220	0.993220	0.993220	0.993220	0.993220	0.993220	0.993220	0.993220	0.993220	0.993220	0.993220	0.993220	0.993220	0.993220	0.993220	0.993220	0.993220	0.993220	0.993220	0.993220	0.993220	0.993220	0.993220	0.993220	0.993220	0.993220	0.993220	0.993220	0.993220	0.993220	0.993220	1.003082	1.003082	1.003082	1.003082	1.003082	1.003082	1.003082	1.003082	1.003082	0.932203	0.932203	0.932203	0.932203	0.932203	0.932203	0.932203	0.932203	0.932203	0.932203	0.932203	0.932203	0.932203	0.932203	0.932203	0.932203	0.932203	0.932203	0.932203	0.932203	0.932203	0.932203	0.932203	0.932203	0.932203	0.932203	0.932203	0.932203	0.932203	0.932203	0.932203	0.932203	0.932203	0.932203	0.932203	0.932203	0.932203	0.932203	0.932203	0.932203	0.932203	0.932203	0.932203	0.932203	0.932203	0.932203	0.932203	0.932203	0.932203	0.932203	0.932203	0.932203	0.932203	0.932203	0.932203	0.932203	0.932203	0.932203	0.932203	0.932203	0.932203	0.932203	0.932203	0.932203	0.932203	0.932203	0.932203	0.932203	0.932203	0.932203	0.932203	0.932203	0.932203	0.932203	0.932203	0.932203	0.932203	0.932203	0.932203	0.932203	0.932203	0.932203	0.932203	0.932203	0.932203	0.932203	0.932203	0.932203	0.932203	0.932203	0.932203	0.932203	0.932203	0.932203	0.932203	
0.983051	0.983051	0.983051	0.983051	0.983051	0.983051	0.983051	0.983051	0.983051	0.983051	0.983051	0.983051	0.983051	0.983051	0.983051	0.983051	0.983051	0.983051	0.983051	0.983051	0.983051	0.983051	0.983051	0.983051	0.983051	0.983051	0.983051	0.983051	0.983051	0.983051	0.983051	0.983051	0.993220	0.993220	0.993220	0.993220	0.993220	0.993220	0.993220	0.993220	0.993220	0.993220	0.993220	0.993220	0.993220	0.993220	0.993220	0.993220	0.993220	0.993220	0.993220	0.993220	0.993220	0.993220	0.993220	0.993220	0.993220	0.993220	0.993220	0.993220	0.993220	0.993220	0.993220	0.993220	0.993220	0.993220	0.993220	0.993220	0.993220	0.993220	0.993220	0.993220	0.993220	0.993220	0.993220	0.993220	0.993220	0.993220	0.993220	0.993220	0.993220	0.993220	0.993220	0.993220	0.993220	0.993220	0.993220	0.993220	0.993220	0.993220	0.993220	0.993220	0.993220	0.993220	0.993220	0.993220	0.993220	0.993220	0.993220	0.993220	0.993220	0.993220	0.993220	0.993220	0.993220	0.993220	0.993220	0.993220	0.993220	0.993220	0.993220	0.993220	0.993220	0.993220	0.993220	0.993220	0.993220	0.993220	0.993220	0.993220	1.003082	1.003082	1.003082	1.003082	1.003082	1.003082	1.003082	1.003082	1.003082	1.003082	0.932203	0.932203	0.932203	0.932203	0.932203	0.932203	0.932203	0.932203	0.932203	0.932203	0.932203	0.932203	0.932203	0.932203	0.932203	0.932203	0.932203	0.932203	0.932203	0.932203	0.932203	0.932203	0.932203	0.932203	0.932203	0.932203	0.932203	0.932203	0.932203	0.932203	0.932203	0.932203	0.932203	0.932203	0.932203	0.932203	0.932203	0.932203	0.932203	0.932203	0.932203	0.932203	0.932203	0.932203	0.932203	0.932203	0.932203	0.932203	0.932203	0.932203	0.932203	0.932203	0.932203	0.932203	0.932203	0.932203	0.932203	0.932203	0.932203	0.932203	0.932203	0.932203	0.932203	0.932203	0.932203	0.932203	0.932203	0.932203	0.932203	0.932203	0.932203	0.932203	0.932203	0.932203	0.932203	0.932203	0.932203	0.932203	0.932203	0.932203	0.932203	0.932203	0.932203	0.932203	0.932203	0.932203	0.932203	0.932203	0.932203	0.932203	0.932203	0.932203	0.932203	0.932203	0.932203	0.932203	
0.983051	0.983051	0.983051	0.983051	0.983051	0.983051	0.983051	0.983051	0.983051	0.983051	0.983051	0.983051	0.983051	0.983051	0.983051	0.983051	0.983051	0.983051	0.983051	0.983051	0.983051	0.983051	0.983051	0.983051	0.983051	0.983051	0.983051	0.983051	0.983051	0.983051	0.983051	0.983051	0.983051	0.993220	0.993220	0.993220	0.993220	0.993220	0.993220	0.993220	0.993220	0.993220	0.993220	0.993220	0.993220	0.993220	0.993220	0.993220	0.993220	0.993220	0.993220	0.993220	0.993220	0.993220	0.993220	0.993220	0.993220	0.993220	0.993220	0.993220	0.993220	0.993220	0.993220	0.993220	0.993220	0.993220	0.993220	0.993220	0.993220	0.993220	0.993220	0.993220	0.993220	0.993220	0.993220	0.993220	0.993220	0.993220	0.993220	0.993220	0.993220	0.993220	0.993220	0.993220	0.993220	0.993220	0.993220	0.993220	0.993220	0.993220	0.993220	0.993220	0.993220	0.993220	0.993220	0.993220	0.993220	0.993220	0.993220	0.993220	0.993220	0.993220	0.993220	0.993220	0.993220	0.993220	0.993220	0.993220	0.993220	0.993220	0.993220	0.993220	0.993220	0.993220	0.993220	0.993220	0.993220	0.993220	0.993220	0.993220	1.003082	1.003082	1.003082	1.003082	1.003082	1.003082	1.003082	1.003082	1.003082	1.003082	1.003082	0.932203	0.932203	0.932203	0.932203	0.932203	0.932203	0.932203	0.932203	0.932203	0.932203	0.932203	0.932203	0.932203	0.932203	0.932203	0.932203	0.932203	0.932203	0.932203	0.932203	0.932203	0.932203	0.932203	0.932203	0.932203	0.932203	0.932203	0.932203	0.932203	0.932203	0.932203	0.932203	0.932203	0.932203	0.932203	0.932203	0.932203	0.932203	0.932203	0.932203	0.932203	0.932203	0.932203	0.932203	0.932203	0.932203	0.932203	0.932203	0.932203	0.932203	0.932203	0.932203	0.932203	0.932203	0.932203	0.932203	0.932203	0.932203	0.932203	0.932203	0.932203	0.932203	0.932203	0.932203	0.932203	0.932203	0.932203	0.932203	0.932203	0.932203	0.932203	0.932203	0.932203	0.932203	0.932203	0.932203	0.932203	0.932203	0.932203	0.932203	0.932203	0.932203	0.932203	0.932203	0.932203	0.932203	0.932203	0.932203	0.932203	0.932203	0.932203	0.932203	0.932203	0.932203	0.932203	0.932203	0.932203	
0.983051	0.983051	0.983051	0.983051	0.983051	0.983051	0.983051	0.983051	0.983051	0.983051	0.983051	0.983051	0.983051	0.983051	0.983051	0.983051	0.983051	0.983051	0.983051	0.983051	0.983051	0.983051	0.983051	0.983051	0.983051	0.983051	0.983051	0.983051	0.983051	0.983051	0.983051	0.983051	0.983051	0.983051	0.993220	0.993220	0.993220	0.993220	0.993220	0.993220	0.993220	0.993220	0.993220	0.993220	0.993220	0.993220	0.993220	0.993220	0.993220	0.993220	0.993220	0.993220	0.993220	0.993220	0.993220	0.993220	0.993220	0.993220	0.993220	0.993220	0.993220	0.993220	0.993220	0.993220	0.993220	0.993220	0.993220	0.993220	0.993220	0.993220	0.993220	0.993220	0.993220	0.993220	0.993220	0.993220	0.993220	0.993220	0.993220	0.993220	0.993220	0.993220	0.993220	0.993220	0.993220	0.993220	0.993220	0.993220	0.993220	0.993220	0.993220	0.993220	0.993220	0.993220	0.993220	0.993220	0.993220	0.993220	0.993220	0.993220	0.993220	0.993220	0.993220	0.993220	0.993220	0.993220	0.993220	0.993220	0.993220	0.993220	0.993220	0.993220	0.993220	0.993220	0.993220	0.993220	0.993220	0.993220	0.993220	0.993220	1.003082	1.003082	1.003082	1.003082	1.003082	1.003082	1.003082	1.003082	1.003082	1.003082	1.003082	1.003082	0.932203	0.932203	0.932203	0.932203	0.932203	0.932203	0.932203	0.932203	0.932203	0.932203	0.932203	0.932203	0.932203	0.932203	0.932203	0.932203	0.932203	0.932203	0.932203	0.932203	0.932203	0.932203	0.932203	0.932203	0.932203	0.932203	0.932203	0.932203	0.932203	0.932203	0.932203	0.932203	0.932203	0.932203	0.932203	0.932203	0.932203	0.932203	0.932203	0.932203	0.932203	0.932203	0.932203	0.932203	0.932203	0.932203	0.932203	0.932203	0.932203	0.932203	0.932203	0.932203	0.932203	0.932203	0.932203	0.932203	0.932203	0.932203	0.932203	0.932203	0.932203	0.932203	0.932203	0.932203	0.932203	0.932203	0.932203	0.932203	0.932203	0.932203	0.932203	0.932203	0.932203	0.932203	0.932203	0.932203	0.932203	0.932203	0.932203	0.932203	0.932203	0.932203	0.932203	0.932203	0.932203	0.932203	0.932203	0.932203	0.932203	0.932203	0.932203	0.932203	0.932203	0.932203	0.932203	0.932203	0.932203	0.932203	
0.983051	0.983051	0.983051	0.983051	0.983051	0.983051	0.983051	0.983051	0.983051	0.983051	0.983051	0.983051	0.983051	0.983051	0.983051	0.983051	0.983051	0.983051	0.983051	0.983051	0.983051	0.983051	0.983051	0.983051	0.983051	0.983051	0.983051	0.983051	0.983051	0.983051	0.983051	0.983051	0.983051	0.983051	0.983051	0.993220	0.993220	0.993220	0.993220	0.993220	0.993220	0.993220	0.993220	0.993220	0.993220	0.993220	0.993220	0.993220	0.993220	0.993220	0.993220	0.993220	0.993220	0.993220	0.993220	0.993220	0.993220	0.993220	0.993220	0.993220	0.993220	0.993220	0.993220	0.993220	0.993220	0.993220	0.993220	0.993220	0.993220	0.993220	0.993220	0.993220	0.993220	0.993220	0.993220	0.993220	0.993220	0.993220	0.993220	0.993220	0.993220	0.993220	0.993220	0.993220	0.993220	0.993220	0.993220	0.993220	0.993220	0.993220	0.993220	0.993220	0.993220	0.993220	0.993220	0.993220	0.993220	0.993220	0.993220	0.993220	0.993220	0.993220	0.993220	0.993220	0.993220	0.993220	0.993220	0.993220	0.993220	0.993220	0.993220	0.993220	0.993220	0.993220	0.993220	0.993220	0.993220	0.993220	0.993220	0.993220	1.003082	1.003082	1.003082	1.003082	1.003082	1.003082	1.003082	1.003082	1.003082	1.003082	1.003082	1.003082	1.003082	0.932203	0.932203	0.932203	0.932203	0.932203	0.932203	0.932203	0.932203	0.932203	0.932203	0.932203	0.932203	0.932203	0.932203	0.932203	0.932203	0.932203	0.932203	0.932203	0.932203	0.932203	0.932203	0.932203	0.932203	0.932203	0.932203	0.932203	0.932203	0.932203	0.932203	0.932203	0.932203	0.932203	0.932203	0.932203	0.932203	0.932203	0.932203	0.932203	0.932203	0.932203	0.932203	0.932203	0.932203	0.932203	0.932203	0.932203	0.932203	0.932203	0.932203	0.932203	0.932203	0.932203	0.932203	0.932203	0.932203	0.932203	0.932203	0.932203	0.932203	0.932203	0.932203	0.932203	0.932203	0.932203	0.932203	0.932203	0.932203	0.932203	0.932203	0.932203	0.932203	0.932203	0.932203	0.932203	0.932203	0.932203	0.932203	0.932203	0.932203	0.932203	0.932203	0.932203	0.932203	0.932203	0.932203	0.932203	0.932203	0.932203	0.932203	0.932203	0.932203	0.932203	0.932203	0.932203	0.932203	0.932203	0.932203	0.932203	
0.983051	0.983051	0.983051	0.983051	0.983051	0.983051	0.983051	0.983051	0.983051	0.983051	0.983051	0.983051	0.983051	0.983051	0.983051	0.983051	0.983051	0.983051	0.983051	0.983051	0.983051	0.983051	0.983051	0.983051	0.983051	0.983051	0.983051	0.983051	0.983051	0.983051	0.983051	0.983051	0.983051	0.983051	0.983051	0.983051	0.993220	0.993220	0.993220	0.993220	0.993220	0.993220	0.993220	0.993220	0.993220	0.993220	0.993220	0.993220	0.993220	0.993220	0.993220	0.993220	0.993220	0.993220	0.993220	0.993220	0.993220	0.993220	0.993220	0.993220	0.993220	0.993220	0.993220	0.993220	0.993220	0.993220	0.993220	0.993220	0.993220	0.993220	0.993220	0.993220	0.993220	0.993220	0.993220	0.993220	0.993220	0.993220	0.993220	0.993220	0.993220	0.993220	0.993220	0.993220	0.993220	0.993220	0.993220	0.993220	0.993220	0.993220	0.993220	0.993220	0.993220	0.993220	0.993220	0.993220	0.993220	0.993220	0.993220	0.993220	0.993220	0.993220	0.993220	0.993220	0.993220	0.993220	0.993220	0.993220	0.993220	0.993220	0.993220	0.993220	0.993220	0.993220	0.993220	0.993220	0.993220	0.993220	0.993220	0.993220	1.003082	1.003082	1.003082	1.003082	1.003082	1.003082	1.003082	1.003082	1.003082	1.003082	1.003082	1.003082	1.003082	1.003082	0.932203	0.932203	0.932203	0.932203	0.932203	0.932203	0.932203	0.932203	0.932203	0.932203	0.932203	0.932203	0.932203	0.932203	0.932203	0.932203	0.932203	0.932203	0.932203	0.932203	0.932203	0.932203	0.932203	0.932203	0.932203	0.932203	0.932203	0.932203	0.932203	0.932203	0.932203	0.932203	0.932203	0.932203	0.932203	0.932203	0.932203	0.932203	0.932203	0.932203	0.932203	0.932203	0.932203	0.932203	0.932203	0.932203	0.932203	0.932203	0.932203	0.932203	0.932203	0.932203	0.932203	0.932203	0.932203	0.932203	0.932203	0.932203	0.932203	0.932203	0.932203	0.932203	0.932203	0.932203	0.932203	0.932203	0.932203	0.932203	0.932203	0.932203	0.932203	0.932203	0.932203	0.932203	0.932203	0.932203	0.932203	0.932203	0.932203	0.932203	0.932203	0.932203	0.932203	0.932203	0.932203	0.932203	0.932203	0.932203	0.932203	0.932203	0.932203	0.932203	0.932203	0.932203	0.932203	0.932203	0.932203	0.932203	0.932203	0.932203	
0.983051	0.983051	0.983051	0.983051	0.983051	0.983051	0.983051	0.983051	0.983051	0.983051	0.983051	0.983051	0.983051	0.983051	0.983051	0.983051	0.983051	0.983051	0.983051	0.983051	0.983051	0.983051	0.983051	0.983051	0.983051	0.983051	0.983051	0.983051	0.983051	0.983051	0.983051	0.983051	0.983051	0.983051	0.983051	0.983051	0.983051	0.993220	0.993220	0.993220	0.993220	0.993220	0.993220	0.993220	0.993220	0.993220	0.993220	0.993220	0.993220	0.993220	0.993220	0.993220	0.993220	0.993220	0.993220	0.993220	0.993220	0.993220	0.993220	0.993220	0.993220	0.993220	0.993220	0.993220	0.993220	0.993220	0.993220	0.993220	0.993220	0.993220	0.993220	0.993220	0.993220	0.993220	0.993220	0.993220	0.993220	0.993220	0.993220	0.993220	0.993220	0.993220	0.993220	0.993220	0.993220	0.993220	0.993220	0.993220	0.993220	0.993220	0.993220	0.993220	0.993220	0.993220	0.993220	0.993220	0.993220	0.993220	0.993220	0.993220	0.993220	0.993220	0.993220	0.993220	0.993220	0.993220	0.993220	0.993220	0.993220	0.993220	0.993220	0.993220	0.993220	0.993220	0.993220	0.993220	0.993220	0.993220	0.993220	0.993220	1.003082	1.003082	1.003082	1.003082	1.003082	1.003082	1.003082	1.003082	1.003082	1.003082	1.003082	1.003082	1.003082	1.003082	1.003082	0.932203	0.932203	0.932203	0.932203	0.932203	0.932203	0.932203	0.932203	0.932203	0.932203	0.932203	0.932203	0.932203	0.932203	0.932203	0.932203	0.932203	0.932203	0.932203	0.932203	0.932203	0.932203	0.932203	0.932203	0.932203	0.932203	0.932203	0.932203	0.932203	0.932203	0.932203	0.932203	0.932203	0.932203	0.932203	0.932203	0.932203	0.932203	0.932203	0.932203	0.932203	0.932203	0.932203	0.932203	0.932203	0.932203	0.932203	0.932203	0.932203	0.932203	0.932203	0.932203	0.932203	0.932203	0.932203	0.932203	0.932203	0.932203	0.932203	0.932203	0.932203	0.932203	0.932203	0.932203	0.932203	0.932203	0.932203	0.932203	0.932203	0.932203	0.932203	0.932203	0.932203	0.932203	0.932203	0.932203	0.932203	0.932203	0.932203	0.932203	0.932203	0.932203	0.932203	0.932203	0.932203	0.932203	0.932203	0.932203	0.932203	0.932203	0.932203	0.932203	0.932203	0.932203	0.932203	0.932203	0.932203	0.932203	0.932203	0.932203	0.932203	
0.983051	0.983051	0.983051	0.983051	0.983051	0.983051	0.983051	0.983051	0.983051	0.983051	0.983051	0.983051	0.983051	0.983051	0.983051	0.983051	0.983051	0.983051	0.983051	0.983051	0.983051	0.983051	0.983051	0.983051	0.983051	0.983051	0.983051	0.983051	0.983051	0.983051	0.983051	0.983051	0.983051	0.983051	0.983051	0.983051	0.983051	0.983051	0.993220	0.993220	0.993220	0.993220	0.993220	0.993220	0.993220	0.993220	0.993220	0.993220	0.993220	0.993220	0.993220	0.993220	0.993220	0.993220	0.993220	0.993220	0.993220	0.993220	0.993220	0.993220	0.993220	0.993220	0.993220	0.993220	0.993220	0.993220	0.993220	0.993220	0.993220	0.993220	0.993220	0.993220	0.993220	0.993220	0.993220	0.993220	0.993220	0.993220	0.993220	0.993220	0.993220	0.993220	0.993220	0.993220	0.993220	0.993220	0.993220	0.993220	0.993220	0.993220	0.993220	0.993220	0.993220	0.993220	0.993220	0.993220	0.993220	0.993220	0.993220	0.993220	0.993220	0.993220	0.993220	0.993220	0.993220	0.993220	0.993220	0.993220	0.993220	0.993220	0.993220	0.993220	0.993220	0.993220	0.993220	0.993220	0.993220	0.993220	0.993220	0.993220	1.003082	1.003082	1.003082	1.003082	1.003082	1.003082	1.003082	1.003082	1.003082	1.003082	1.003082	1.003082	1.003082	1.003082	1.003082	1.003082	0.932203	0.932203	0.932203	0.932203	0.932203	0.932203	0.932203	0.932203	0.932203	0.932203	0.932203	0.932203	0.932203	0.932203	0.932203	0.932203	0.932203	0.932203	0.932203	0.932203	0.932203	0.932203	0.932203	0.932203	0.932203	0.932203	0.932203	0.932203	0.932203	0.932203	0.932203	0.932203	0.932203	0.932203	0.932203	0.932203	0.932203	0.932203	0.932203	0.932203	0.932203	0.932203	0.932203	0.932203	0.932203	0.932203	0.932203	0.932203	0.932203	0.932203	0.932203	0.932203	0.932203	0.932203	0.932203	0.932203	0.932203	0.932203	0.932203	0.932203	0.932203	0.932203	0.932203	0.932203	0.932203	0.932203	0.932203	0.932203	0.932203	0.932203	0.932203	0.932203	0.932203	0.932203	0.932203	0.932203	0.932203	0.932203	0.932203	0.932203	0.932203	0.932203	0.932203	0.932203	0.932203	0.932203	0.932203	0.932203	0.932203	0.932203	0.932203	0.932203	0.932203	0.932203	0.932203	0.932203	0.932203	0.932203	0.932203	0.932203	0.932203	0.932203	


























































































































































































































































